date,experiment_id,variant,total_users,total_conversions,conversion_rate,total_revenue,avg_revenue_per_user
2024-01-01,1,control,645,8,0.0119,1980.19,2.93
2024-01-01,1,treatment,658,15,0.0217,2408.88,3.48
2024-01-01,2,control,610,9,0.0142,1057.13,1.67
2024-01-01,2,treatment,571,12,0.0202,1933.32,3.26
2024-01-01,3,control,648,11,0.0164,1954.49,2.91
2024-01-01,3,treatment,624,12,0.0184,2422.06,3.72
2024-01-01,4,control,609,11,0.0173,1193.65,1.88
2024-01-01,4,treatment,681,16,0.0223,2489.81,3.47
2024-01-01,5,control,673,8,0.0112,811.28,1.14
2024-01-01,5,treatment,665,15,0.0217,2526.49,3.65
2024-01-02,1,control,599,15,0.0236,2733.97,4.31
2024-01-02,1,treatment,623,21,0.0317,2975.76,4.5
2024-01-02,2,control,647,14,0.0209,2722.58,4.06
2024-01-02,2,treatment,622,6,0.0093,743.04,1.15
2024-01-02,3,control,630,13,0.0198,2354.97,3.58
2024-01-02,3,treatment,664,13,0.0187,2187.15,3.15
2024-01-02,4,control,589,13,0.0211,2059.53,3.34
2024-01-02,4,treatment,652,19,0.0279,3889.94,5.71
2024-01-02,5,control,603,12,0.019,1490.18,2.35
2024-01-02,5,treatment,649,19,0.0282,2665.8,3.96
2024-01-03,1,control,651,7,0.0104,1626.14,2.41
2024-01-03,1,treatment,642,18,0.0266,3099.46,4.58
2024-01-03,2,control,634,13,0.0196,2081.29,3.14
2024-01-03,2,treatment,666,9,0.0131,1315.33,1.91
2024-01-03,3,control,621,11,0.0172,2125.46,3.32
2024-01-03,3,treatment,629,18,0.0278,2706.39,4.18
2024-01-03,4,control,644,9,0.0134,1221.33,1.82
2024-01-03,4,treatment,615,10,0.0155,1143.18,1.77
2024-01-03,5,control,596,5,0.008,460.88,0.74
2024-01-03,5,treatment,638,12,0.0182,1742.85,2.64
2024-01-04,1,control,598,14,0.0222,2537.23,4.02
2024-01-04,1,treatment,596,17,0.0272,2834.44,4.54
2024-01-04,2,control,640,11,0.0162,1499.83,2.22
2024-01-04,2,treatment,586,10,0.0162,1362.48,2.2
2024-01-04,3,control,593,10,0.0164,1496.51,2.45
2024-01-04,3,treatment,627,8,0.0123,952.21,1.47
2024-01-04,4,control,620,7,0.0108,753.88,1.16
2024-01-04,4,treatment,641,18,0.0268,2703.08,4.03
2024-01-04,5,control,631,11,0.0169,1877.62,2.89
2024-01-04,5,treatment,636,13,0.0194,2022.1,3.02
2024-01-05,1,control,658,17,0.025,2830.61,4.17
2024-01-05,1,treatment,583,17,0.0279,2822.78,4.63
2024-01-05,2,control,610,9,0.0142,1179.52,1.85
2024-01-05,2,treatment,627,14,0.0215,2979.25,4.57
2024-01-05,3,control,675,12,0.0174,1933.99,2.8
2024-01-05,3,treatment,648,10,0.0149,1607.18,2.39
2024-01-05,4,control,586,10,0.0163,1721.86,2.8
2024-01-05,4,treatment,684,8,0.0113,1213.99,1.71
2024-01-05,5,control,648,14,0.0207,2013.57,2.98
2024-01-05,5,treatment,600,7,0.0111,1067.21,1.69
2024-01-06,1,control,661,11,0.0162,2119.39,3.11
2024-01-06,1,treatment,653,13,0.0189,1954.83,2.85
2024-01-06,2,control,631,11,0.0167,1482.74,2.25
2024-01-06,2,treatment,644,12,0.0179,2151.69,3.22
2024-01-06,3,control,632,17,0.0257,2240.76,3.38
2024-01-06,3,treatment,612,12,0.0188,2315.23,3.62
2024-01-06,4,control,639,12,0.0179,1415.79,2.11
2024-01-06,4,treatment,637,17,0.0254,2251.88,3.36
2024-01-06,5,control,608,16,0.0252,2910.55,4.58
2024-01-06,5,treatment,639,16,0.024,2821.35,4.24
2024-01-07,1,control,621,19,0.0293,2558.61,3.95
2024-01-07,1,treatment,588,19,0.0309,2690.65,4.38
2024-01-07,2,control,631,9,0.0136,1006.25,1.52
2024-01-07,2,treatment,606,11,0.0175,2018.21,3.22
2024-01-07,3,control,636,16,0.0241,3046.44,4.59
2024-01-07,3,treatment,603,12,0.0193,2072.91,3.33
2024-01-07,4,control,597,6,0.0097,797.87,1.29
2024-01-07,4,treatment,685,10,0.014,1471.02,2.06
2024-01-07,5,control,635,9,0.0136,1374.97,2.07
2024-01-07,5,treatment,647,14,0.0207,2781.14,4.12
2024-01-08,1,control,625,7,0.0107,1616.71,2.47
2024-01-08,1,treatment,625,13,0.0198,1860.51,2.84
2024-01-08,2,control,595,10,0.0159,1776.29,2.82
2024-01-08,2,treatment,598,10,0.0159,2266.13,3.6
2024-01-08,3,control,637,15,0.0226,2149.56,3.23
2024-01-08,3,treatment,622,9,0.014,1051.25,1.63
2024-01-08,4,control,619,20,0.0311,4574.22,7.1
2024-01-08,4,treatment,663,12,0.0172,1486.23,2.13
2024-01-08,5,control,642,8,0.0121,1442.54,2.18
2024-01-08,5,treatment,611,11,0.0172,2104.91,3.3
2024-01-09,1,control,627,12,0.0184,2860.9,4.39
2024-01-09,1,treatment,660,17,0.0246,2591.12,3.74
2024-01-09,2,control,660,13,0.019,2412.38,3.53
2024-01-09,2,treatment,628,8,0.0121,1678.09,2.55
2024-01-09,3,control,627,11,0.0169,1762.61,2.71
2024-01-09,3,treatment,599,10,0.016,1468.84,2.35
2024-01-09,4,control,629,12,0.0181,2199.94,3.32
2024-01-09,4,treatment,628,10,0.0151,1532.03,2.31
2024-01-09,5,control,621,14,0.0215,2499.51,3.85
2024-01-09,5,treatment,631,16,0.0244,2055.98,3.13
2024-01-10,1,control,590,17,0.0275,2793.77,4.51
2024-01-10,1,treatment,651,24,0.0353,3446.08,5.07
2024-01-10,2,control,638,18,0.0273,2441.91,3.71
2024-01-10,2,treatment,579,11,0.0183,1683.3,2.81
2024-01-10,3,control,592,10,0.0164,2195.54,3.59
2024-01-10,3,treatment,623,10,0.0155,1545.18,2.39
2024-01-10,4,control,602,12,0.0193,1387.21,2.23
2024-01-10,4,treatment,692,15,0.0209,2071.21,2.89
2024-01-10,5,control,605,13,0.0208,2032.37,3.25
2024-01-10,5,treatment,692,12,0.0166,1726.23,2.39
2024-01-11,1,control,598,7,0.0113,1159.77,1.88
2024-01-11,1,treatment,655,13,0.0192,1982.94,2.93
2024-01-11,2,control,603,16,0.0254,2903.16,4.62
2024-01-11,2,treatment,621,8,0.0123,1045.71,1.61
2024-01-11,3,control,617,12,0.0187,3137.51,4.88
2024-01-11,3,treatment,624,8,0.0124,803.32,1.25
2024-01-11,4,control,634,11,0.0166,1769.24,2.67
2024-01-11,4,treatment,627,14,0.0216,1684.71,2.6
2024-01-11,5,control,632,11,0.0168,1340.02,2.05
2024-01-11,5,treatment,587,15,0.0248,1885.13,3.11
2024-01-12,1,control,614,12,0.0188,2764.31,4.33
2024-01-12,1,treatment,589,8,0.0131,1007.39,1.64
2024-01-12,2,control,634,10,0.015,1237.47,1.86
2024-01-12,2,treatment,625,23,0.0355,3973.08,6.13
2024-01-12,3,control,615,9,0.014,869.65,1.35
2024-01-12,3,treatment,617,10,0.0156,1270.9,1.98
2024-01-12,4,control,628,10,0.0154,974.55,1.5
2024-01-12,4,treatment,645,10,0.015,1574.43,2.36
2024-01-12,5,control,609,7,0.0109,1197.14,1.87
2024-01-12,5,treatment,632,13,0.0198,2064.61,3.15
2024-01-13,1,control,622,11,0.0173,1992.5,3.14
2024-01-13,1,treatment,627,12,0.0184,1775.74,2.72
2024-01-13,2,control,614,10,0.0156,1208.43,1.89
2024-01-13,2,treatment,609,10,0.0158,2151.01,3.41
2024-01-13,3,control,625,9,0.0137,2022.16,3.09
2024-01-13,3,treatment,636,11,0.0165,1703.53,2.56
2024-01-13,4,control,588,13,0.0213,2542.32,4.17
2024-01-13,4,treatment,654,9,0.013,1251.25,1.81
2024-01-13,5,control,618,12,0.0187,1348.83,2.1
2024-01-13,5,treatment,678,15,0.0213,2812.1,3.99
2024-01-14,1,control,624,9,0.0139,1064.48,1.65
2024-01-14,1,treatment,651,13,0.0193,1562.62,2.31
2024-01-14,2,control,639,8,0.0121,1374.91,2.07
2024-01-14,2,treatment,631,8,0.012,1494.0,2.25
2024-01-14,3,control,641,14,0.0211,2085.81,3.15
2024-01-14,3,treatment,633,8,0.0122,1644.47,2.51
2024-01-14,4,control,628,11,0.0171,1875.17,2.91
2024-01-14,4,treatment,649,9,0.0133,1829.01,2.71
2024-01-14,5,control,578,16,0.0269,2942.78,4.95
2024-01-14,5,treatment,648,12,0.0178,1470.16,2.18
2024-01-15,1,control,615,9,0.0138,1354.42,2.07
2024-01-15,1,treatment,599,8,0.0127,1470.57,2.34
2024-01-15,2,control,601,12,0.0192,1793.91,2.87
2024-01-15,2,treatment,639,9,0.0136,1510.44,2.28
2024-01-15,3,control,623,17,0.0265,2323.67,3.63
2024-01-15,3,treatment,613,8,0.0125,1100.83,1.71
2024-01-15,4,control,621,11,0.0171,1418.74,2.2
2024-01-15,4,treatment,651,13,0.019,1987.06,2.9
2024-01-15,5,control,640,7,0.0105,886.43,1.33
2024-01-15,5,treatment,622,15,0.023,2889.77,4.43
2024-01-16,1,control,638,6,0.0091,1148.28,1.73
2024-01-16,1,treatment,609,15,0.0238,2760.12,4.37
2024-01-16,2,control,627,14,0.0215,2272.67,3.5
2024-01-16,2,treatment,617,17,0.0263,2455.46,3.8
2024-01-16,3,control,596,16,0.0258,2777.48,4.48
2024-01-16,3,treatment,628,11,0.0169,2346.69,3.6
2024-01-16,4,control,589,11,0.0179,1848.29,3.01
2024-01-16,4,treatment,671,11,0.0158,1984.15,2.85
2024-01-16,5,control,640,12,0.0178,1864.5,2.77
2024-01-16,5,treatment,702,12,0.0165,1327.47,1.82
2024-01-17,1,control,598,6,0.0096,1227.25,1.97
2024-01-17,1,treatment,597,12,0.0192,2016.46,3.22
2024-01-17,2,control,595,8,0.0128,1086.47,1.74
2024-01-17,2,treatment,673,11,0.0157,2745.36,3.92
2024-01-17,3,control,616,9,0.0141,955.79,1.49
2024-01-17,3,treatment,571,11,0.0184,1969.82,3.3
2024-01-17,4,control,621,5,0.0077,650.95,1.0
2024-01-17,4,treatment,659,9,0.0132,881.89,1.29
2024-01-17,5,control,586,11,0.0183,1531.0,2.54
2024-01-17,5,treatment,618,8,0.0125,1840.39,2.87
2024-01-18,1,control,624,9,0.0137,1855.11,2.82
2024-01-18,1,treatment,609,16,0.0251,3484.36,5.47
2024-01-18,2,control,623,7,0.0108,1077.4,1.66
2024-01-18,2,treatment,627,19,0.0294,3583.8,5.54
2024-01-18,3,control,601,5,0.0079,1528.6,2.42
2024-01-18,3,treatment,588,14,0.0227,2311.02,3.75
2024-01-18,4,control,626,19,0.0293,3059.36,4.71
2024-01-18,4,treatment,670,16,0.0232,2132.11,3.09
2024-01-18,5,control,656,16,0.0231,2077.13,3.0
2024-01-18,5,treatment,637,8,0.0119,1027.89,1.53
2024-01-19,1,control,632,19,0.0289,2481.89,3.78
2024-01-19,1,treatment,681,14,0.0196,1706.57,2.39
2024-01-19,2,control,621,4,0.0061,779.74,1.2
2024-01-19,2,treatment,650,25,0.0374,3618.9,5.41
2024-01-19,3,control,622,12,0.0183,1903.28,2.91
2024-01-19,3,treatment,613,12,0.0187,1712.05,2.66
2024-01-19,4,control,600,7,0.0113,1686.35,2.73
2024-01-19,4,treatment,593,10,0.0163,2395.23,3.89
2024-01-19,5,control,649,11,0.0163,2109.21,3.12
2024-01-19,5,treatment,639,13,0.0194,2200.81,3.28
2024-01-20,1,control,591,13,0.021,2447.63,3.95
2024-01-20,1,treatment,656,10,0.0146,1729.12,2.53
2024-01-20,2,control,619,9,0.014,1352.76,2.11
2024-01-20,2,treatment,620,18,0.028,2979.49,4.63
2024-01-20,3,control,623,11,0.017,1589.51,2.46
2024-01-20,3,treatment,602,11,0.0177,2104.02,3.38
2024-01-20,4,control,640,15,0.0226,1707.51,2.57
2024-01-20,4,treatment,643,14,0.0209,2583.24,3.85
2024-01-20,5,control,631,6,0.0092,1011.47,1.56
2024-01-20,5,treatment,629,9,0.0137,1349.9,2.06
2024-01-21,1,control,610,10,0.0158,1815.61,2.88
2024-01-21,1,treatment,655,19,0.0278,3518.17,5.15
2024-01-21,2,control,640,9,0.0135,1163.76,1.74
2024-01-21,2,treatment,634,7,0.0107,761.27,1.16
2024-01-21,3,control,624,13,0.0199,2836.29,4.35
2024-01-21,3,treatment,610,13,0.0204,1661.56,2.6
2024-01-21,4,control,615,17,0.0264,3199.81,4.97
2024-01-21,4,treatment,643,11,0.0164,1788.97,2.67
2024-01-21,5,control,608,12,0.0189,1941.57,3.05
2024-01-21,5,treatment,651,22,0.0327,3765.53,5.6
2024-01-22,1,control,612,15,0.0234,2922.52,4.56
2024-01-22,1,treatment,590,14,0.0228,2857.41,4.66
2024-01-22,2,control,604,16,0.0253,1859.23,2.94
2024-01-22,2,treatment,609,10,0.0157,1256.9,1.97
2024-01-22,3,control,609,13,0.0205,2571.29,4.05
2024-01-22,3,treatment,625,11,0.0166,1925.87,2.9
2024-01-22,4,control,656,14,0.0203,1965.42,2.85
2024-01-22,4,treatment,602,13,0.0207,1530.58,2.44
2024-01-22,5,control,592,4,0.0066,462.88,0.76
2024-01-22,5,treatment,582,19,0.0314,3510.12,5.79
2024-01-23,1,control,649,12,0.0175,1586.43,2.32
2024-01-23,1,treatment,586,17,0.0281,2632.08,4.34
2024-01-23,2,control,633,9,0.0137,1464.92,2.22
2024-01-23,2,treatment,609,15,0.024,2460.36,3.94
2024-01-23,3,control,659,8,0.0117,1319.98,1.92
2024-01-23,3,treatment,642,15,0.0227,2209.09,3.34
2024-01-23,4,control,630,12,0.0184,2869.78,4.39
2024-01-23,4,treatment,623,14,0.0217,2617.65,4.06
2024-01-23,5,control,644,10,0.0147,1414.06,2.08
2024-01-23,5,treatment,631,17,0.0258,2002.73,3.03
2024-01-24,1,control,666,23,0.0331,3839.44,5.52
2024-01-24,1,treatment,643,10,0.0147,1458.27,2.14
2024-01-24,2,control,646,4,0.0059,508.27,0.75
2024-01-24,2,treatment,600,5,0.008,729.67,1.17
2024-01-24,3,control,630,10,0.0152,1357.08,2.06
2024-01-24,3,treatment,627,13,0.0198,2597.34,3.95
2024-01-24,4,control,584,10,0.0163,2788.84,4.54
2024-01-24,4,treatment,701,10,0.0136,1790.11,2.44
2024-01-24,5,control,633,11,0.0166,1742.71,2.64
2024-01-24,5,treatment,590,7,0.0113,1234.67,2.0
2024-01-25,1,control,656,12,0.0176,1774.94,2.61
2024-01-25,1,treatment,622,17,0.0261,3091.3,4.75
2024-01-25,2,control,659,14,0.0202,2200.74,3.18
2024-01-25,2,treatment,598,11,0.0178,1218.75,1.97
2024-01-25,3,control,626,12,0.0182,2520.96,3.83
2024-01-25,3,treatment,628,15,0.0232,1708.92,2.64
2024-01-25,4,control,612,9,0.0141,1156.16,1.82
2024-01-25,4,treatment,641,10,0.0152,1254.17,1.91
2024-01-25,5,control,632,12,0.0183,1831.34,2.8
2024-01-25,5,treatment,601,9,0.0145,917.82,1.48
2024-01-26,1,control,620,8,0.0123,1337.12,2.06
2024-01-26,1,treatment,619,17,0.0264,3280.72,5.09
2024-01-26,2,control,621,12,0.0187,2981.71,4.64
2024-01-26,2,treatment,619,13,0.02,2219.88,3.41
2024-01-26,3,control,630,13,0.0198,1643.79,2.51
2024-01-26,3,treatment,642,18,0.0269,2971.24,4.43
2024-01-26,4,control,610,13,0.0203,1645.84,2.57
2024-01-26,4,treatment,644,8,0.012,1779.17,2.66
2024-01-26,5,control,624,17,0.026,4006.71,6.13
2024-01-26,5,treatment,605,11,0.0175,1583.61,2.53
2024-01-27,1,control,633,12,0.0183,2076.98,3.16
2024-01-27,1,treatment,656,12,0.0175,2254.8,3.29
2024-01-27,2,control,643,6,0.0089,925.33,1.38
2024-01-27,2,treatment,646,9,0.0134,988.24,1.47
2024-01-27,3,control,655,11,0.0161,1240.17,1.82
2024-01-27,3,treatment,620,13,0.0199,1580.23,2.42
2024-01-27,4,control,589,13,0.0211,2777.79,4.5
2024-01-27,4,treatment,607,10,0.0157,1898.4,2.99
2024-01-27,5,control,610,12,0.0187,1864.35,2.9
2024-01-27,5,treatment,602,14,0.0224,2017.17,3.23
2024-01-28,1,control,626,16,0.0245,1995.03,3.05
2024-01-28,1,treatment,601,20,0.0321,2798.51,4.49
2024-01-28,2,control,659,11,0.016,2266.18,3.3
2024-01-28,2,treatment,672,9,0.0129,1137.55,1.64
2024-01-28,3,control,596,18,0.0289,2882.82,4.63
2024-01-28,3,treatment,621,15,0.0229,2128.78,3.26
2024-01-28,4,control,575,7,0.0116,945.37,1.57
2024-01-28,4,treatment,617,8,0.0124,1017.86,1.58
2024-01-28,5,control,620,11,0.0172,1687.42,2.63
2024-01-28,5,treatment,676,17,0.0241,2672.31,3.8
2024-01-29,1,control,673,12,0.0172,1913.02,2.75
2024-01-29,1,treatment,650,15,0.0222,2117.05,3.13
2024-01-29,2,control,608,9,0.0141,1419.09,2.22
2024-01-29,2,treatment,675,14,0.0199,1885.08,2.68
2024-01-29,3,control,606,13,0.0208,1169.32,1.87
2024-01-29,3,treatment,660,19,0.0275,2628.14,3.8
2024-01-29,4,control,578,7,0.0115,625.89,1.03
2024-01-29,4,treatment,653,14,0.0206,2391.33,3.53
2024-01-29,5,control,640,8,0.012,786.73,1.18
2024-01-29,5,treatment,645,14,0.0207,2955.38,4.38
2024-01-30,1,control,649,16,0.0234,2529.47,3.7
2024-01-30,1,treatment,635,18,0.0274,2822.65,4.3
2024-01-30,2,control,616,12,0.0187,2385.94,3.71
2024-01-30,2,treatment,605,11,0.0174,1122.05,1.78
2024-01-30,3,control,690,16,0.0223,3086.95,4.31
2024-01-30,3,treatment,591,13,0.021,1597.49,2.58
2024-01-30,4,control,618,17,0.0264,3000.06,4.67
2024-01-30,4,treatment,653,19,0.028,2275.89,3.36
2024-01-30,5,control,633,7,0.0107,1005.86,1.54
2024-01-30,5,treatment,651,11,0.0164,1693.26,2.53
2024-01-31,1,control,630,8,0.0121,1059.87,1.61
2024-01-31,1,treatment,615,7,0.0109,807.63,1.26
2024-01-31,2,control,592,8,0.0129,834.67,1.35
2024-01-31,2,treatment,618,13,0.0202,2155.71,3.35
2024-01-31,3,control,619,9,0.014,1558.25,2.42
2024-01-31,3,treatment,636,17,0.0254,2086.61,3.12
2024-01-31,4,control,632,17,0.0257,2079.25,3.14
2024-01-31,4,treatment,685,12,0.0167,2154.82,2.99
2024-01-31,5,control,646,11,0.0164,1611.5,2.41
2024-01-31,5,treatment,612,8,0.0125,669.83,1.04
2024-02-01,1,control,598,6,0.0098,1009.12,1.65
2024-02-01,1,treatment,642,19,0.0277,4352.58,6.34
2024-02-01,2,control,636,15,0.0227,2594.46,3.93
2024-02-01,2,treatment,636,15,0.0223,3405.36,5.05
2024-02-01,3,control,602,16,0.0255,2681.28,4.27
2024-02-01,3,treatment,608,18,0.0284,3406.89,5.38
2024-02-01,4,control,613,18,0.0281,3040.58,4.75
2024-02-01,4,treatment,645,10,0.0149,1344.17,2.0
2024-02-01,5,control,613,7,0.0108,1075.1,1.65
2024-02-01,5,treatment,645,17,0.0253,2468.54,3.68
2024-02-02,1,control,620,14,0.0213,1995.73,3.04
2024-02-02,1,treatment,635,10,0.0149,974.89,1.45
2024-02-02,2,control,639,11,0.0165,1533.37,2.31
2024-02-02,2,treatment,674,12,0.0171,1479.91,2.11
2024-02-02,3,control,621,19,0.0294,2746.46,4.25
2024-02-02,3,treatment,648,12,0.0177,1055.21,1.56
2024-02-02,4,control,628,10,0.0152,1749.42,2.65
2024-02-02,4,treatment,632,16,0.0242,2770.47,4.18
2024-02-02,5,control,604,19,0.0304,2499.32,3.99
2024-02-02,5,treatment,639,14,0.0207,1465.95,2.17
2024-02-03,1,control,604,12,0.0192,1944.27,3.11
2024-02-03,1,treatment,623,18,0.0278,2478.66,3.83
2024-02-03,2,control,649,10,0.0146,1592.81,2.33
2024-02-03,2,treatment,603,15,0.024,2673.35,4.27
2024-02-03,3,control,642,18,0.0271,2760.11,4.15
2024-02-03,3,treatment,630,11,0.0165,1422.53,2.14
2024-02-03,4,control,608,9,0.0142,1839.87,2.91
2024-02-03,4,treatment,692,7,0.0096,1355.59,1.86
2024-02-03,5,control,641,9,0.0135,1125.43,1.69
2024-02-03,5,treatment,617,15,0.0233,1843.62,2.86
2024-02-04,1,control,653,7,0.0103,752.72,1.1
2024-02-04,1,treatment,605,11,0.0174,1641.52,2.59
2024-02-04,2,control,662,13,0.019,1931.09,2.82
2024-02-04,2,treatment,645,18,0.027,3597.25,5.39
2024-02-04,3,control,666,15,0.0214,2301.2,3.28
2024-02-04,3,treatment,606,11,0.0174,2030.7,3.21
2024-02-04,4,control,619,10,0.0155,1557.63,2.41
2024-02-04,4,treatment,641,18,0.0271,1980.88,2.99
2024-02-04,5,control,625,6,0.0091,922.97,1.4
2024-02-04,5,treatment,619,13,0.0202,1696.45,2.64
2024-02-05,1,control,578,14,0.0231,1710.02,2.82
2024-02-05,1,treatment,601,19,0.0302,2789.76,4.44
2024-02-05,2,control,640,10,0.0151,1733.59,2.61
2024-02-05,2,treatment,673,15,0.0215,2548.82,3.65
2024-02-05,3,control,613,7,0.0109,1052.74,1.64
2024-02-05,3,treatment,617,12,0.0188,1652.51,2.59
2024-02-05,4,control,648,13,0.0196,2705.56,4.07
2024-02-05,4,treatment,646,8,0.0119,873.43,1.3
2024-02-05,5,control,577,9,0.0149,1927.44,3.2
2024-02-05,5,treatment,610,10,0.0159,1902.31,3.02
2024-02-06,1,control,639,12,0.018,2478.4,3.72
2024-02-06,1,treatment,661,23,0.0334,4987.38,7.24
2024-02-06,2,control,581,18,0.0296,3283.38,5.39
2024-02-06,2,treatment,624,15,0.0232,2361.18,3.65
2024-02-06,3,control,641,15,0.0224,2866.73,4.29
2024-02-06,3,treatment,627,14,0.0215,2335.09,3.59
2024-02-06,4,control,612,14,0.0219,2037.5,3.19
2024-02-06,4,treatment,631,16,0.0241,2153.16,3.25
2024-02-06,5,control,625,14,0.0216,1922.7,2.97
2024-02-06,5,treatment,665,9,0.0129,1333.45,1.9
2024-02-07,1,control,649,6,0.0089,858.86,1.28
2024-02-07,1,treatment,636,12,0.0181,1814.56,2.74
2024-02-07,2,control,633,14,0.0211,2323.56,3.5
2024-02-07,2,treatment,600,12,0.019,1725.64,2.74
2024-02-07,3,control,620,11,0.0171,1581.32,2.45
2024-02-07,3,treatment,596,7,0.0111,949.72,1.5
2024-02-07,4,control,660,16,0.023,2694.91,3.88
2024-02-07,4,treatment,613,6,0.0094,959.85,1.5
2024-02-07,5,control,616,16,0.0251,2468.21,3.87
2024-02-07,5,treatment,618,17,0.0262,2272.7,3.5
2024-02-08,1,control,663,13,0.0189,2196.31,3.19
2024-02-08,1,treatment,650,20,0.0295,3305.51,4.88
2024-02-08,2,control,622,9,0.0138,2066.83,3.17
2024-02-08,2,treatment,615,10,0.0155,1504.03,2.33
2024-02-08,3,control,602,17,0.027,2607.99,4.14
2024-02-08,3,treatment,601,17,0.0269,2849.64,4.5
2024-02-08,4,control,608,10,0.0157,1748.07,2.75
2024-02-08,4,treatment,654,14,0.0206,1747.2,2.58
2024-02-08,5,control,604,10,0.016,1946.25,3.12
2024-02-08,5,treatment,654,17,0.025,2718.53,4.0
2024-02-09,1,control,620,9,0.0141,1119.99,1.75
2024-02-09,1,treatment,620,14,0.0217,2187.08,3.39
2024-02-09,2,control,655,11,0.0161,2296.33,3.36
2024-02-09,2,treatment,643,8,0.0118,1432.4,2.12
2024-02-09,3,control,597,8,0.0128,963.17,1.54
2024-02-09,3,treatment,613,14,0.0219,2168.56,3.4
2024-02-09,4,control,619,18,0.0278,2554.99,3.95
2024-02-09,4,treatment,629,9,0.0137,1622.01,2.47
2024-02-09,5,control,598,13,0.021,1464.37,2.36
2024-02-09,5,treatment,622,14,0.0214,2657.99,4.07
2024-02-10,1,control,646,11,0.0164,1802.3,2.69
2024-02-10,1,treatment,626,13,0.0198,2030.19,3.09
2024-02-10,2,control,635,14,0.021,2755.94,4.14
2024-02-10,2,treatment,612,14,0.0218,2791.01,4.35
2024-02-10,3,control,632,15,0.0226,3051.62,4.6
2024-02-10,3,treatment,638,11,0.0166,1645.35,2.48
2024-02-10,4,control,631,20,0.0305,2528.06,3.85
2024-02-10,4,treatment,639,9,0.0134,1301.19,1.94
2024-02-10,5,control,609,15,0.0239,3096.33,4.94
2024-02-10,5,treatment,626,7,0.0107,1506.0,2.3
2024-02-11,1,control,633,16,0.0244,2279.88,3.48
2024-02-11,1,treatment,655,12,0.0177,2970.5,4.38
2024-02-11,2,control,601,9,0.0142,913.37,1.44
2024-02-11,2,treatment,655,10,0.0145,1012.91,1.47
2024-02-11,3,control,643,10,0.015,1665.07,2.49
2024-02-11,3,treatment,592,12,0.0194,2067.45,3.35
2024-02-11,4,control,581,14,0.0231,2398.39,3.96
2024-02-11,4,treatment,686,20,0.028,2846.16,3.99
2024-02-11,5,control,664,11,0.016,2147.79,3.12
2024-02-11,5,treatment,640,6,0.0091,1060.79,1.6
2024-02-12,1,control,653,10,0.0147,1441.33,2.13
2024-02-12,1,treatment,661,15,0.0216,2056.59,2.95
2024-02-12,2,control,603,7,0.0111,1118.07,1.77
2024-02-12,2,treatment,651,15,0.022,2168.13,3.18
2024-02-12,3,control,626,17,0.0258,2040.24,3.1
2024-02-12,3,treatment,671,10,0.0142,1804.76,2.56
2024-02-12,4,control,624,19,0.0294,2462.93,3.81
2024-02-12,4,treatment,608,12,0.0188,2176.23,3.41
2024-02-12,5,control,596,5,0.0082,976.23,1.6
2024-02-12,5,treatment,618,15,0.0233,2726.02,4.23
2024-02-13,1,control,605,8,0.0127,1791.33,2.85
2024-02-13,1,treatment,608,11,0.0174,2121.93,3.36
2024-02-13,2,control,595,8,0.0128,1331.53,2.13
2024-02-13,2,treatment,578,14,0.023,2678.97,4.41
2024-02-13,3,control,626,8,0.0122,1410.05,2.15
2024-02-13,3,treatment,619,14,0.0217,2215.15,3.43
2024-02-13,4,control,610,13,0.0205,2102.38,3.32
2024-02-13,4,treatment,628,15,0.0227,2880.43,4.35
2024-02-13,5,control,632,15,0.0225,2063.63,3.09
2024-02-13,5,treatment,661,15,0.0219,2356.73,3.45
2024-02-14,1,control,638,22,0.0334,4287.63,6.51
2024-02-14,1,treatment,645,14,0.0209,1698.31,2.53
2024-02-14,2,control,660,15,0.0216,2124.66,3.06
2024-02-14,2,treatment,607,10,0.0155,1923.1,2.98
2024-02-14,3,control,604,16,0.0254,2599.24,4.12
2024-02-14,3,treatment,639,5,0.0074,985.33,1.47
2024-02-14,4,control,631,16,0.0245,2848.13,4.37
2024-02-14,4,treatment,622,10,0.0154,1537.27,2.37
2024-02-14,5,control,631,16,0.0243,3027.35,4.6
2024-02-14,5,treatment,636,13,0.0196,2097.17,3.17
2024-02-15,1,control,659,13,0.019,2292.16,3.35
2024-02-15,1,treatment,657,9,0.0131,971.5,1.41
2024-02-15,2,control,602,10,0.0161,1251.78,2.01
2024-02-15,2,treatment,622,10,0.0152,1303.99,1.98
2024-02-15,3,control,592,9,0.0147,1722.55,2.81
2024-02-15,3,treatment,624,16,0.0247,4059.46,6.25
2024-02-15,4,control,645,16,0.0239,1901.57,2.84
2024-02-15,4,treatment,656,16,0.0234,2589.17,3.79
2024-02-15,5,control,620,13,0.0202,2423.87,3.76
2024-02-15,5,treatment,606,17,0.0266,2438.44,3.82
2024-02-16,1,control,599,6,0.0095,758.45,1.2
2024-02-16,1,treatment,634,6,0.009,1054.1,1.58
2024-02-16,2,control,583,14,0.0231,2243.4,3.7
2024-02-16,2,treatment,598,10,0.0161,1719.54,2.77
2024-02-16,3,control,584,10,0.0163,817.42,1.33
2024-02-16,3,treatment,635,11,0.0166,1889.47,2.85
2024-02-16,4,control,598,5,0.008,1094.69,1.75
2024-02-16,4,treatment,643,6,0.0089,1258.29,1.86
2024-02-16,5,control,666,15,0.0213,2963.33,4.22
2024-02-16,5,treatment,650,21,0.031,4069.03,6.0
2024-02-17,1,control,639,12,0.018,1860.52,2.79
2024-02-17,1,treatment,609,16,0.025,2100.67,3.28
2024-02-17,2,control,643,8,0.012,1652.78,2.47
2024-02-17,2,treatment,613,11,0.0171,2249.28,3.5
2024-02-17,3,control,643,8,0.012,911.47,1.37
2024-02-17,3,treatment,647,9,0.0134,1002.02,1.49
2024-02-17,4,control,636,14,0.021,2119.1,3.18
2024-02-17,4,treatment,653,12,0.0179,1343.38,2.01
2024-02-17,5,control,649,16,0.0236,2529.41,3.74
2024-02-17,5,treatment,598,17,0.027,2839.49,4.51
2024-02-18,1,control,635,17,0.0255,2686.43,4.03
2024-02-18,1,treatment,622,14,0.0216,3079.59,4.75
2024-02-18,2,control,656,21,0.0304,3924.52,5.69
2024-02-18,2,treatment,619,5,0.0078,1040.65,1.61
2024-02-18,3,control,607,9,0.0142,1450.6,2.28
2024-02-18,3,treatment,609,10,0.0156,1128.48,1.76
2024-02-18,4,control,607,10,0.0159,1807.85,2.87
2024-02-18,4,treatment,638,13,0.0196,1856.08,2.8
2024-02-18,5,control,615,14,0.0215,2320.38,3.57
2024-02-18,5,treatment,644,18,0.0271,2562.73,3.85
2024-02-19,1,control,616,10,0.0156,1332.94,2.08
2024-02-19,1,treatment,646,9,0.0134,1514.09,2.25
2024-02-19,2,control,677,18,0.0251,2914.53,4.06
2024-02-19,2,treatment,610,13,0.0204,1657.05,2.61
2024-02-19,3,control,659,5,0.0073,578.18,0.84
2024-02-19,3,treatment,580,14,0.0229,2331.14,3.82
2024-02-19,4,control,610,9,0.0142,1551.38,2.45
2024-02-19,4,treatment,666,10,0.0145,1618.82,2.34
2024-02-19,5,control,658,15,0.0217,2973.16,4.3
2024-02-19,5,treatment,626,9,0.0138,2177.66,3.34
2024-02-20,1,control,602,7,0.0112,911.65,1.46
2024-02-20,1,treatment,606,14,0.0219,1362.71,2.13
2024-02-20,2,control,589,13,0.0211,2260.51,3.66
2024-02-20,2,treatment,615,15,0.0231,2610.83,4.02
2024-02-20,3,control,650,14,0.021,1769.23,2.65
2024-02-20,3,treatment,605,11,0.0173,1901.62,2.99
2024-02-20,4,control,582,12,0.0197,1886.78,3.1
2024-02-20,4,treatment,641,7,0.0105,1280.36,1.92
2024-02-20,5,control,604,8,0.0129,1666.4,2.68
2024-02-20,5,treatment,607,16,0.0253,3078.78,4.87
2024-02-21,1,control,622,14,0.0218,2791.13,4.35
2024-02-21,1,treatment,634,10,0.0151,1603.07,2.42
2024-02-21,2,control,612,17,0.0267,2746.02,4.32
2024-02-21,2,treatment,621,14,0.0216,2509.65,3.87
2024-02-21,3,control,667,8,0.0115,1494.39,2.15
2024-02-21,3,treatment,615,17,0.0263,2707.0,4.19
2024-02-21,4,control,675,11,0.0155,2224.64,3.14
2024-02-21,4,treatment,640,12,0.0178,2223.85,3.3
2024-02-21,5,control,628,11,0.017,1623.74,2.51
2024-02-21,5,treatment,602,16,0.0256,2732.05,4.36
2024-02-22,1,control,619,11,0.017,1377.71,2.13
2024-02-22,1,treatment,638,10,0.0149,1404.74,2.09
2024-02-22,2,control,651,8,0.0119,809.41,1.2
2024-02-22,2,treatment,622,10,0.0154,1179.55,1.81
2024-02-22,3,control,626,8,0.012,1433.32,2.15
2024-02-22,3,treatment,611,14,0.022,1757.27,2.76
2024-02-22,4,control,634,14,0.0212,2679.39,4.06
2024-02-22,4,treatment,666,12,0.0173,1639.28,2.36
2024-02-22,5,control,598,16,0.0257,2218.79,3.57
2024-02-22,5,treatment,633,10,0.015,1125.13,1.69
2024-02-23,1,control,596,8,0.0131,1621.56,2.65
2024-02-23,1,treatment,578,15,0.0247,2168.43,3.57
2024-02-23,2,control,610,9,0.0142,2100.64,3.31
2024-02-23,2,treatment,599,14,0.0226,2049.52,3.31
2024-02-23,3,control,646,13,0.0195,2026.14,3.05
2024-02-23,3,treatment,584,8,0.0133,1398.69,2.32
2024-02-23,4,control,611,15,0.0235,2006.89,3.15
2024-02-23,4,treatment,628,13,0.0197,2007.31,3.05
2024-02-23,5,control,659,17,0.0246,2259.67,3.27
2024-02-23,5,treatment,634,16,0.0243,2945.91,4.47
2024-02-24,1,control,638,8,0.0121,1213.41,1.83
2024-02-24,1,treatment,654,14,0.0203,2868.62,4.17
2024-02-24,2,control,635,14,0.0211,2856.85,4.3
2024-02-24,2,treatment,626,11,0.0168,3143.49,4.8
2024-02-24,3,control,645,10,0.0151,1570.09,2.38
2024-02-24,3,treatment,659,20,0.029,3015.2,4.37
2024-02-24,4,control,584,6,0.01,1033.11,1.72
2024-02-24,4,treatment,624,9,0.0138,1132.48,1.74
2024-02-24,5,control,627,12,0.0183,1763.92,2.7
2024-02-24,5,treatment,637,10,0.0149,1829.31,2.72
2024-02-25,1,control,629,11,0.0167,2099.76,3.2
2024-02-25,1,treatment,598,12,0.0191,1867.59,2.97
2024-02-25,2,control,630,10,0.0153,1348.6,2.07
2024-02-25,2,treatment,626,11,0.0169,1781.84,2.73
2024-02-25,3,control,631,12,0.0182,1840.57,2.79
2024-02-25,3,treatment,613,14,0.0223,1939.58,3.08
2024-02-25,4,control,625,11,0.0168,1851.95,2.84
2024-02-25,4,treatment,657,11,0.0159,2623.19,3.8
2024-02-25,5,control,598,11,0.0177,2536.98,4.09
2024-02-25,5,treatment,574,9,0.0152,1171.26,1.97
2024-02-26,1,control,631,12,0.0183,2572.86,3.93
2024-02-26,1,treatment,602,10,0.0161,1773.89,2.86
2024-02-26,2,control,627,14,0.0214,1505.24,2.31
2024-02-26,2,treatment,629,13,0.0199,2056.09,3.14
2024-02-26,3,control,609,13,0.0205,2408.08,3.79
2024-02-26,3,treatment,604,14,0.0222,2894.61,4.59
2024-02-26,4,control,640,10,0.0153,1070.37,1.64
2024-02-26,4,treatment,649,8,0.0117,1183.96,1.73
2024-02-26,5,control,600,10,0.0161,1430.41,2.3
2024-02-26,5,treatment,651,13,0.0192,1769.96,2.61
2024-02-27,1,control,602,21,0.0337,3856.64,6.18
2024-02-27,1,treatment,599,15,0.0241,2658.54,4.27
2024-02-27,2,control,643,21,0.0312,3655.94,5.44
2024-02-27,2,treatment,631,12,0.0184,1069.09,1.64
2024-02-27,3,control,641,12,0.018,1592.48,2.39
2024-02-27,3,treatment,618,12,0.0186,1781.81,2.76
2024-02-27,4,control,625,12,0.0183,2107.98,3.21
2024-02-27,4,treatment,651,7,0.0102,2006.72,2.94
2024-02-27,5,control,646,9,0.0134,1678.51,2.49
2024-02-27,5,treatment,646,15,0.0223,3421.64,5.09
2024-02-28,1,control,649,7,0.0104,1027.4,1.53
2024-02-28,1,treatment,641,16,0.024,3150.03,4.73
2024-02-28,2,control,609,13,0.0205,2105.57,3.32
2024-02-28,2,treatment,597,8,0.0128,1476.16,2.37
2024-02-28,3,control,615,11,0.017,1542.56,2.39
2024-02-28,3,treatment,635,14,0.0211,1730.8,2.61
2024-02-28,4,control,590,7,0.0113,1435.64,2.32
2024-02-28,4,treatment,660,9,0.0131,1407.62,2.04
2024-02-28,5,control,608,9,0.0143,952.66,1.51
2024-02-28,5,treatment,651,8,0.0117,1283.91,1.87
2024-02-29,1,control,619,13,0.0203,2157.43,3.37
2024-02-29,1,treatment,636,15,0.0228,2066.25,3.14
2024-02-29,2,control,646,13,0.0191,1939.64,2.86
2024-02-29,2,treatment,632,11,0.0166,1204.24,1.82
2024-02-29,3,control,635,15,0.0227,2544.22,3.85
2024-02-29,3,treatment,628,11,0.0167,1361.66,2.07
2024-02-29,4,control,640,14,0.0209,1971.37,2.95
2024-02-29,4,treatment,652,14,0.0203,2767.61,4.02
2024-02-29,5,control,635,11,0.0168,1459.68,2.23
2024-02-29,5,treatment,630,14,0.0214,1662.02,2.54
2024-03-01,1,control,655,11,0.016,2492.23,3.63
2024-03-01,1,treatment,635,17,0.0257,2566.95,3.88
2024-03-01,2,control,618,11,0.017,1674.83,2.59
2024-03-01,2,treatment,653,8,0.0117,901.88,1.32
2024-03-01,3,control,643,9,0.0134,2029.04,3.01
2024-03-01,3,treatment,613,17,0.0267,2272.48,3.57
2024-03-01,4,control,644,11,0.0163,2108.73,3.13
2024-03-01,4,treatment,674,8,0.0114,1089.14,1.55
2024-03-01,5,control,612,14,0.0221,2657.5,4.19
2024-03-01,5,treatment,582,9,0.0151,1075.84,1.8
2024-03-02,1,control,641,13,0.0195,2188.29,3.29
2024-03-02,1,treatment,598,10,0.016,1991.76,3.19
2024-03-02,2,control,629,12,0.0185,1767.24,2.72
2024-03-02,2,treatment,660,13,0.0188,2256.01,3.26
2024-03-02,3,control,676,12,0.017,2024.83,2.88
2024-03-02,3,treatment,621,10,0.0154,1836.15,2.82
2024-03-02,4,control,604,11,0.0173,1340.05,2.11
2024-03-02,4,treatment,649,13,0.0193,2183.34,3.24
2024-03-02,5,control,631,13,0.0195,1709.29,2.57
2024-03-02,5,treatment,623,19,0.0291,2787.93,4.28
2024-03-03,1,control,651,10,0.0147,1360.38,2.0
2024-03-03,1,treatment,609,15,0.0234,2699.63,4.22
2024-03-03,2,control,622,13,0.02,2055.66,3.16
2024-03-03,2,treatment,682,14,0.0196,3540.73,4.95
2024-03-03,3,control,649,13,0.0191,2358.69,3.46
2024-03-03,3,treatment,644,8,0.0118,1216.73,1.79
2024-03-03,4,control,600,11,0.0173,2398.13,3.78
2024-03-03,4,treatment,637,9,0.0137,1679.13,2.56
2024-03-03,5,control,596,11,0.0178,1882.19,3.05
2024-03-03,5,treatment,663,9,0.0129,1525.22,2.19
2024-03-04,1,control,583,8,0.0132,1689.36,2.78
2024-03-04,1,treatment,674,10,0.0143,1449.42,2.08
2024-03-04,2,control,594,12,0.0193,1611.2,2.59
2024-03-04,2,treatment,620,5,0.0078,651.21,1.01
2024-03-04,3,control,619,11,0.017,1742.05,2.69
2024-03-04,3,treatment,625,10,0.0154,1919.84,2.96
2024-03-04,4,control,596,14,0.0225,2468.95,3.98
2024-03-04,4,treatment,662,5,0.0073,949.6,1.38
2024-03-04,5,control,622,12,0.0186,2323.35,3.6
2024-03-04,5,treatment,600,7,0.0111,792.16,1.26
2024-03-05,1,control,588,6,0.0097,1727.49,2.8
2024-03-05,1,treatment,607,13,0.0203,2186.23,3.41
2024-03-05,2,control,625,11,0.0169,1585.45,2.44
2024-03-05,2,treatment,618,13,0.02,2078.07,3.19
2024-03-05,3,control,661,11,0.016,1218.61,1.77
2024-03-05,3,treatment,643,11,0.0164,1414.98,2.11
2024-03-05,4,control,608,18,0.0286,2550.5,4.05
2024-03-05,4,treatment,673,7,0.01,1097.69,1.57
2024-03-05,5,control,643,13,0.0193,2037.97,3.02
2024-03-05,5,treatment,602,12,0.0193,2227.39,3.58
2024-03-06,1,control,598,14,0.0227,2242.45,3.63
2024-03-06,1,treatment,628,11,0.0167,1852.91,2.81
2024-03-06,2,control,647,16,0.0238,2053.64,3.06
2024-03-06,2,treatment,607,12,0.019,1714.79,2.72
2024-03-06,3,control,630,13,0.0196,2129.92,3.21
2024-03-06,3,treatment,573,14,0.0236,2903.55,4.89
2024-03-06,4,control,607,12,0.0189,2016.65,3.18
2024-03-06,4,treatment,653,13,0.0191,1788.38,2.62
2024-03-06,5,control,625,13,0.0201,1663.01,2.57
2024-03-06,5,treatment,663,17,0.0244,2709.54,3.89
2024-03-07,1,control,613,15,0.0235,2803.61,4.39
2024-03-07,1,treatment,657,9,0.013,1118.36,1.62
2024-03-07,2,control,639,14,0.0211,1858.98,2.8
2024-03-07,2,treatment,583,16,0.026,2322.45,3.78
2024-03-07,3,control,592,14,0.0225,1975.14,3.18
2024-03-07,3,treatment,614,13,0.0204,1561.3,2.45
2024-03-07,4,control,603,9,0.0144,1753.81,2.81
2024-03-07,4,treatment,601,15,0.0238,2551.22,4.05
2024-03-07,5,control,615,13,0.02,2785.71,4.29
2024-03-07,5,treatment,612,11,0.0172,1608.33,2.52
2024-03-08,1,control,641,14,0.0212,1511.2,2.29
2024-03-08,1,treatment,609,15,0.0235,2731.57,4.29
2024-03-08,2,control,662,15,0.0214,2642.4,3.77
2024-03-08,2,treatment,578,10,0.0164,1785.05,2.93
2024-03-08,3,control,670,14,0.0199,2737.29,3.9
2024-03-08,3,treatment,659,9,0.013,1290.59,1.87
2024-03-08,4,control,590,9,0.0145,981.91,1.58
2024-03-08,4,treatment,665,11,0.0157,1550.61,2.21
2024-03-08,5,control,655,10,0.0145,1566.28,2.28
2024-03-08,5,treatment,626,13,0.02,3676.42,5.65
2024-03-09,1,control,666,12,0.0174,2327.96,3.37
2024-03-09,1,treatment,622,18,0.0271,3358.42,5.05
2024-03-09,2,control,584,13,0.0213,2205.6,3.61
2024-03-09,2,treatment,640,9,0.0136,1309.59,1.98
2024-03-09,3,control,649,9,0.0133,1708.13,2.52
2024-03-09,3,treatment,582,7,0.0115,771.89,1.27
2024-03-09,4,control,645,11,0.0162,1337.04,1.97
2024-03-09,4,treatment,650,11,0.0161,1383.58,2.03
2024-03-09,5,control,630,13,0.02,1939.2,2.98
2024-03-09,5,treatment,620,10,0.0154,1441.36,2.22
2024-03-10,1,control,667,12,0.0174,1501.27,2.18
2024-03-10,1,treatment,598,19,0.0305,2777.76,4.46
2024-03-10,2,control,617,9,0.0141,1254.16,1.96
2024-03-10,2,treatment,627,13,0.0199,2047.01,3.13
2024-03-10,3,control,603,11,0.0175,1873.98,2.99
2024-03-10,3,treatment,662,9,0.0131,1659.64,2.42
2024-03-10,4,control,621,12,0.0185,2450.07,3.78
2024-03-10,4,treatment,662,8,0.0117,1569.32,2.29
2024-03-10,5,control,645,15,0.0224,1809.08,2.7
2024-03-10,5,treatment,650,13,0.0193,2017.39,3.0
2024-03-11,1,control,622,14,0.0214,3006.87,4.6
2024-03-11,1,treatment,655,12,0.0176,2765.63,4.07
2024-03-11,2,control,645,14,0.0207,3036.5,4.49
2024-03-11,2,treatment,628,14,0.0213,2267.92,3.46
2024-03-11,3,control,609,7,0.0111,1312.18,2.07
2024-03-11,3,treatment,602,12,0.0188,2201.06,3.46
2024-03-11,4,control,604,16,0.0248,2739.1,4.25
2024-03-11,4,treatment,658,9,0.0131,1527.32,2.22
2024-03-11,5,control,651,18,0.0268,3027.75,4.51
2024-03-11,5,treatment,649,15,0.022,2918.18,4.27
2024-03-12,1,control,642,11,0.0166,1746.55,2.63
2024-03-12,1,treatment,603,18,0.0284,2833.52,4.48
2024-03-12,2,control,574,11,0.0179,2607.95,4.25
2024-03-12,2,treatment,610,14,0.0221,2613.93,4.13
2024-03-12,3,control,638,8,0.012,1666.02,2.51
2024-03-12,3,treatment,646,10,0.0149,1987.49,2.96
2024-03-12,4,control,623,10,0.0154,1425.81,2.2
2024-03-12,4,treatment,628,11,0.0168,1190.28,1.82
2024-03-12,5,control,625,15,0.0232,2072.83,3.21
2024-03-12,5,treatment,635,10,0.0152,1195.32,1.81
2024-03-13,1,control,626,15,0.0231,2982.82,4.6
2024-03-13,1,treatment,650,13,0.0191,1960.54,2.87
2024-03-13,2,control,632,12,0.0183,1201.02,1.84
2024-03-13,2,treatment,604,9,0.0142,1420.69,2.24
2024-03-13,3,control,615,14,0.0219,3062.27,4.79
2024-03-13,3,treatment,616,12,0.0186,2340.11,3.62
2024-03-13,4,control,612,11,0.0172,1384.24,2.16
2024-03-13,4,treatment,660,14,0.0201,1878.14,2.7
2024-03-13,5,control,587,6,0.0098,1407.17,2.3
2024-03-13,5,treatment,650,12,0.0176,2391.76,3.51
2024-03-14,1,control,629,9,0.0138,940.63,1.45
2024-03-14,1,treatment,628,16,0.0247,3235.38,4.99
2024-03-14,2,control,621,19,0.0293,3720.57,5.74
2024-03-14,2,treatment,640,14,0.0211,2532.49,3.81
2024-03-14,3,control,615,17,0.0264,2945.33,4.57
2024-03-14,3,treatment,582,12,0.0197,1696.05,2.79
2024-03-14,4,control,656,8,0.0118,1332.56,1.96
2024-03-14,4,treatment,640,10,0.015,1661.29,2.49
2024-03-14,5,control,673,9,0.0128,1325.23,1.89
2024-03-14,5,treatment,602,16,0.0256,2219.43,3.55
2024-03-15,1,control,635,24,0.036,3079.11,4.62
2024-03-15,1,treatment,588,17,0.0277,2931.16,4.78
2024-03-15,2,control,602,13,0.0211,1760.48,2.86
2024-03-15,2,treatment,636,9,0.0137,1912.58,2.91
2024-03-15,3,control,645,8,0.012,1079.29,1.62
2024-03-15,3,treatment,623,13,0.0199,1416.62,2.17
2024-03-15,4,control,592,9,0.0146,939.73,1.52
2024-03-15,4,treatment,616,11,0.0174,1636.0,2.59
2024-03-15,5,control,585,15,0.0242,1916.34,3.1
2024-03-15,5,treatment,592,7,0.0112,1474.09,2.36
2024-03-16,1,control,606,10,0.0158,2088.56,3.31
2024-03-16,1,treatment,635,15,0.0227,2660.96,4.03
2024-03-16,2,control,614,23,0.0358,3706.06,5.76
2024-03-16,2,treatment,613,12,0.0189,1873.85,2.95
2024-03-16,3,control,639,13,0.0196,2662.97,4.02
2024-03-16,3,treatment,629,14,0.0214,2969.55,4.53
2024-03-16,4,control,572,14,0.0236,2290.97,3.86
2024-03-16,4,treatment,642,13,0.0192,1548.13,2.29
2024-03-16,5,control,620,13,0.0201,1570.28,2.43
2024-03-16,5,treatment,661,8,0.0116,1260.65,1.83
2024-03-17,1,control,654,8,0.0116,1592.5,2.31
2024-03-17,1,treatment,631,14,0.0214,1781.86,2.73
2024-03-17,2,control,599,10,0.0158,1375.94,2.18
2024-03-17,2,treatment,588,14,0.0225,2134.91,3.44
2024-03-17,3,control,600,13,0.0209,1845.74,2.97
2024-03-17,3,treatment,659,12,0.0174,1601.81,2.33
2024-03-17,4,control,620,7,0.0108,1196.3,1.84
2024-03-17,4,treatment,638,6,0.0091,804.17,1.22
2024-03-17,5,control,610,13,0.0206,1737.55,2.75
2024-03-17,5,treatment,640,11,0.0167,2044.98,3.1
2024-03-18,1,control,638,10,0.0152,1536.62,2.34
2024-03-18,1,treatment,620,17,0.0267,2882.18,4.53
2024-03-18,2,control,669,12,0.0175,1536.6,2.24
2024-03-18,2,treatment,636,6,0.009,1344.05,2.01
2024-03-18,3,control,615,14,0.0218,2075.4,3.24
2024-03-18,3,treatment,614,13,0.0202,2354.93,3.67
2024-03-18,4,control,604,12,0.0192,1747.92,2.79
2024-03-18,4,treatment,673,11,0.0158,2567.67,3.69
2024-03-18,5,control,627,10,0.0152,1921.13,2.93
2024-03-18,5,treatment,640,16,0.0242,2351.31,3.55
2024-03-19,1,control,598,11,0.0175,1600.38,2.55
2024-03-19,1,treatment,629,7,0.0106,1124.77,1.71
2024-03-19,2,control,633,7,0.0104,954.67,1.42
2024-03-19,2,treatment,631,14,0.0211,2503.74,3.78
2024-03-19,3,control,645,13,0.0193,1839.01,2.73
2024-03-19,3,treatment,620,14,0.0218,1754.48,2.73
2024-03-19,4,control,649,11,0.0163,1844.84,2.74
2024-03-19,4,treatment,640,10,0.015,2082.2,3.13
2024-03-19,5,control,649,15,0.0222,3027.64,4.47
2024-03-19,5,treatment,652,9,0.0133,1296.91,1.92
2024-03-20,1,control,611,9,0.014,1238.46,1.93
2024-03-20,1,treatment,634,20,0.0305,2565.71,3.91
2024-03-20,2,control,662,19,0.0277,3723.59,5.42
2024-03-20,2,treatment,634,9,0.0137,1159.76,1.76
2024-03-20,3,control,633,12,0.0182,2398.96,3.65
2024-03-20,3,treatment,607,7,0.0111,1513.02,2.39
2024-03-20,4,control,585,9,0.0145,1232.08,1.99
2024-03-20,4,treatment,652,13,0.0193,2612.52,3.87
2024-03-20,5,control,625,12,0.0186,1778.17,2.76
2024-03-20,5,treatment,651,9,0.0134,1344.22,2.01
2024-03-21,1,control,608,21,0.0327,4889.33,7.6
2024-03-21,1,treatment,651,12,0.0176,2449.9,3.59
2024-03-21,2,control,625,11,0.0168,1123.49,1.72
2024-03-21,2,treatment,642,12,0.0179,2074.16,3.09
2024-03-21,3,control,641,10,0.015,1242.78,1.87
2024-03-21,3,treatment,604,21,0.0334,2993.55,4.76
2024-03-21,4,control,640,16,0.0236,2203.45,3.25
2024-03-21,4,treatment,644,11,0.0166,1515.94,2.29
2024-03-21,5,control,608,11,0.0174,1871.98,2.97
2024-03-21,5,treatment,628,14,0.0214,1696.87,2.6
2024-03-22,1,control,624,9,0.0138,1454.32,2.24
2024-03-22,1,treatment,665,9,0.0129,1206.69,1.74
2024-03-22,2,control,601,15,0.0239,1902.33,3.03
2024-03-22,2,treatment,599,12,0.0194,1937.65,3.13
2024-03-22,3,control,604,18,0.0282,4062.52,6.37
2024-03-22,3,treatment,643,10,0.015,1805.03,2.71
2024-03-22,4,control,602,7,0.0111,1204.05,1.92
2024-03-22,4,treatment,596,19,0.0302,2905.87,4.62
2024-03-22,5,control,622,10,0.0155,1770.79,2.75
2024-03-22,5,treatment,643,12,0.018,1966.76,2.95
2024-03-23,1,control,621,16,0.0246,2083.54,3.21
2024-03-23,1,treatment,601,15,0.0238,2489.51,3.95
2024-03-23,2,control,650,12,0.0176,1849.03,2.71
2024-03-23,2,treatment,591,9,0.0145,1753.5,2.83
2024-03-23,3,control,641,15,0.0226,2509.47,3.77
2024-03-23,3,treatment,589,7,0.0114,1112.49,1.81
2024-03-23,4,control,624,12,0.0184,1463.65,2.24
2024-03-23,4,treatment,616,9,0.0139,1233.56,1.91
2024-03-23,5,control,617,7,0.0108,1736.15,2.68
2024-03-23,5,treatment,640,17,0.0255,2740.21,4.11
2024-03-24,1,control,598,8,0.0128,918.59,1.47
2024-03-24,1,treatment,635,16,0.0241,1563.4,2.36
2024-03-24,2,control,632,7,0.0106,1815.65,2.75
2024-03-24,2,treatment,635,20,0.03,5277.66,7.91
2024-03-24,3,control,613,15,0.0235,3051.55,4.78
2024-03-24,3,treatment,635,15,0.0228,2653.08,4.03
2024-03-24,4,control,612,12,0.019,1466.56,2.33
2024-03-24,4,treatment,652,12,0.0177,1775.93,2.62
2024-03-24,5,control,624,10,0.0152,1511.39,2.3
2024-03-24,5,treatment,685,12,0.017,1292.04,1.83
2024-03-25,1,control,662,15,0.0215,2296.39,3.29
2024-03-25,1,treatment,646,16,0.0237,2181.61,3.23
2024-03-25,2,control,599,12,0.0192,2010.58,3.21
2024-03-25,2,treatment,622,14,0.0213,2242.44,3.42
2024-03-25,3,control,641,14,0.0209,2214.04,3.3
2024-03-25,3,treatment,651,7,0.0103,1144.19,1.68
2024-03-25,4,control,581,11,0.0181,1721.96,2.83
2024-03-25,4,treatment,643,11,0.0164,1980.68,2.95
2024-03-25,5,control,600,9,0.0145,1551.19,2.51
2024-03-25,5,treatment,615,16,0.0252,2112.3,3.32
2024-03-26,1,control,628,10,0.0152,2283.93,3.48
2024-03-26,1,treatment,676,15,0.0212,2435.37,3.44
2024-03-26,2,control,610,15,0.0236,2148.37,3.38
2024-03-26,2,treatment,615,14,0.0218,1564.36,2.44
2024-03-26,3,control,580,10,0.0166,1549.32,2.57
2024-03-26,3,treatment,646,13,0.0195,2458.78,3.7
2024-03-26,4,control,619,11,0.0169,1693.02,2.61
2024-03-26,4,treatment,653,12,0.0175,1899.29,2.77
2024-03-26,5,control,586,10,0.0166,1701.18,2.83
2024-03-26,5,treatment,607,10,0.0158,2001.7,3.16
2024-03-27,1,control,652,12,0.0177,1885.16,2.78
2024-03-27,1,treatment,605,20,0.032,3633.59,5.81
2024-03-27,2,control,602,7,0.0111,1102.9,1.75
2024-03-27,2,treatment,613,13,0.0205,1644.86,2.59
2024-03-27,3,control,605,12,0.019,1959.58,3.1
2024-03-27,3,treatment,610,7,0.0111,1132.64,1.8
2024-03-27,4,control,626,9,0.0138,2045.83,3.14
2024-03-27,4,treatment,660,12,0.0173,1739.54,2.5
2024-03-27,5,control,634,14,0.0212,2056.68,3.11
2024-03-27,5,treatment,624,11,0.0171,2247.86,3.5
2024-03-28,1,control,613,9,0.0141,2004.63,3.14
2024-03-28,1,treatment,627,10,0.0153,2271.51,3.47
2024-03-28,2,control,608,15,0.0236,2127.2,3.35
2024-03-28,2,treatment,621,15,0.0232,2283.45,3.53
2024-03-28,3,control,602,14,0.0225,1642.31,2.64
2024-03-28,3,treatment,611,11,0.0171,2819.27,4.37
2024-03-28,4,control,662,8,0.0115,1330.87,1.92
2024-03-28,4,treatment,631,8,0.0123,2080.87,3.2
2024-03-28,5,control,584,10,0.0162,1075.13,1.74
2024-03-28,5,treatment,617,20,0.0314,2847.12,4.47
2024-03-29,1,control,636,12,0.0179,1655.98,2.48
2024-03-29,1,treatment,582,21,0.0347,3321.41,5.48
2024-03-29,2,control,611,8,0.0125,1649.74,2.57
2024-03-29,2,treatment,603,12,0.0188,1888.4,2.96
2024-03-29,3,control,602,12,0.0192,1524.48,2.44
2024-03-29,3,treatment,622,14,0.0218,2165.65,3.37
2024-03-29,4,control,620,15,0.0228,2116.18,3.21
2024-03-29,4,treatment,675,18,0.0258,3595.92,5.15
2024-03-29,5,control,661,14,0.0201,1721.51,2.47
2024-03-29,5,treatment,651,10,0.0147,1365.94,2.01
2024-03-30,1,control,618,15,0.023,2379.49,3.66
2024-03-30,1,treatment,629,9,0.0138,1451.67,2.22
2024-03-30,2,control,604,9,0.0141,1094.47,1.72
2024-03-30,2,treatment,613,8,0.0125,1418.65,2.22
2024-03-30,3,control,670,11,0.0156,1914.21,2.72
2024-03-30,3,treatment,608,16,0.0254,2116.55,3.36
2024-03-30,4,control,578,13,0.0215,2458.48,4.07
2024-03-30,4,treatment,619,11,0.0171,1694.72,2.64
2024-03-30,5,control,640,14,0.0208,1925.37,2.87
2024-03-30,5,treatment,670,18,0.0255,3389.73,4.81
2024-03-31,1,control,624,8,0.0122,1308.09,2.0
2024-03-31,1,treatment,630,9,0.0137,1701.6,2.59
2024-03-31,2,control,626,7,0.0108,714.41,1.1
2024-03-31,2,treatment,632,12,0.0181,1342.61,2.03
2024-03-31,3,control,606,14,0.0218,2011.3,3.13
2024-03-31,3,treatment,612,9,0.0141,951.93,1.49
2024-03-31,4,control,563,12,0.0207,1332.71,2.3
2024-03-31,4,treatment,641,14,0.021,2418.95,3.63
2024-03-31,5,control,625,22,0.0341,3398.07,5.27
2024-03-31,5,treatment,651,10,0.0146,1184.52,1.73
2024-01-01,6,control,671,100,0.149,2010.75,3.0
2024-01-01,6,treatment,682,99,0.1452,1193.46,1.75
2024-01-01,7,control,623,88,0.1413,1948.26,3.13
2024-01-01,7,treatment,652,81,0.1242,2558.95,3.92
2024-01-01,8,control,663,94,0.1418,2639.09,3.98
2024-01-01,8,treatment,632,96,0.1519,1428.7,2.26
2024-01-01,9,control,648,75,0.1157,1822.13,2.81
2024-01-01,9,treatment,641,106,0.1654,1036.28,1.62
2024-01-01,10,control,654,105,0.1606,2588.58,3.96
2024-01-01,10,treatment,602,77,0.1279,2197.21,3.65
2024-01-02,6,control,617,86,0.1394,2389.16,3.87
2024-01-02,6,treatment,659,109,0.1654,1916.52,2.91
2024-01-02,7,control,601,90,0.1498,1929.56,3.21
2024-01-02,7,treatment,659,84,0.1275,1189.56,1.81
2024-01-02,8,control,677,96,0.1418,1677.37,2.48
2024-01-02,8,treatment,649,97,0.1495,2048.44,3.16
2024-01-02,9,control,603,90,0.1493,1183.17,1.96
2024-01-02,9,treatment,662,87,0.1314,2386.98,3.61
2024-01-02,10,control,699,104,0.1488,2093.33,2.99
2024-01-02,10,treatment,647,82,0.1267,1498.68,2.32
2024-01-03,6,control,661,101,0.1528,1529.11,2.31
2024-01-03,6,treatment,679,117,0.1723,2287.08,3.37
2024-01-03,7,control,688,112,0.1628,1515.21,2.2
2024-01-03,7,treatment,640,85,0.1328,1434.04,2.24
2024-01-03,8,control,607,82,0.1351,918.88,1.51
2024-01-03,8,treatment,610,87,0.1426,1218.23,2.0
2024-01-03,9,control,604,96,0.1589,2304.71,3.82
2024-01-03,9,treatment,640,104,0.1625,2423.94,3.79
2024-01-03,10,control,632,100,0.1582,1048.42,1.66
2024-01-03,10,treatment,622,85,0.1367,1973.05,3.17
2024-01-04,6,control,685,105,0.1533,2546.85,3.72
2024-01-04,6,treatment,664,109,0.1642,1631.66,2.46
2024-01-04,7,control,613,90,0.1468,1676.24,2.73
2024-01-04,7,treatment,608,80,0.1316,1992.21,3.28
2024-01-04,8,control,650,93,0.1431,1026.07,1.58
2024-01-04,8,treatment,651,94,0.1444,1893.23,2.91
2024-01-04,9,control,614,85,0.1384,2080.77,3.39
2024-01-04,9,treatment,635,101,0.1591,2449.28,3.86
2024-01-04,10,control,627,105,0.1675,2397.8,3.82
2024-01-04,10,treatment,644,87,0.1351,1441.97,2.24
2024-01-05,6,control,643,92,0.1431,1634.04,2.54
2024-01-05,6,treatment,661,90,0.1362,1882.76,2.85
2024-01-05,7,control,626,92,0.147,1607.42,2.57
2024-01-05,7,treatment,676,85,0.1257,2468.63,3.65
2024-01-05,8,control,608,88,0.1447,1648.94,2.71
2024-01-05,8,treatment,696,103,0.148,1252.57,1.8
2024-01-05,9,control,631,96,0.1521,1764.89,2.8
2024-01-05,9,treatment,651,99,0.1521,1568.31,2.41
2024-01-05,10,control,655,104,0.1588,1042.9,1.59
2024-01-05,10,treatment,601,74,0.1231,1656.78,2.76
2024-01-06,6,control,601,85,0.1414,1699.23,2.83
2024-01-06,6,treatment,689,103,0.1495,2731.28,3.96
2024-01-06,7,control,674,105,0.1558,1633.87,2.42
2024-01-06,7,treatment,616,75,0.1218,2045.45,3.32
2024-01-06,8,control,669,101,0.151,1670.53,2.5
2024-01-06,8,treatment,615,87,0.1415,2206.78,3.59
2024-01-06,9,control,692,94,0.1358,2522.96,3.65
2024-01-06,9,treatment,658,97,0.1474,1349.3,2.05
2024-01-06,10,control,619,101,0.1632,1926.9,3.11
2024-01-06,10,treatment,651,87,0.1336,2507.2,3.85
2024-01-07,6,control,600,89,0.1483,1913.54,3.19
2024-01-07,6,treatment,656,80,0.122,1170.1,1.78
2024-01-07,7,control,689,107,0.1553,2725.28,3.96
2024-01-07,7,treatment,659,80,0.1214,1418.22,2.15
2024-01-07,8,control,608,91,0.1497,1335.88,2.2
2024-01-07,8,treatment,618,93,0.1505,2048.6,3.31
2024-01-07,9,control,674,104,0.1543,2587.54,3.84
2024-01-07,9,treatment,635,107,0.1685,2378.95,3.75
2024-01-07,10,control,692,111,0.1604,1529.18,2.21
2024-01-07,10,treatment,681,87,0.1278,1848.26,2.71
2024-01-08,6,control,699,102,0.1459,2293.03,3.28
2024-01-08,6,treatment,632,92,0.1456,1728.35,2.73
2024-01-08,7,control,607,90,0.1483,2199.2,3.62
2024-01-08,7,treatment,616,75,0.1218,1398.41,2.27
2024-01-08,8,control,685,101,0.1474,1481.66,2.16
2024-01-08,8,treatment,629,103,0.1638,2473.56,3.93
2024-01-08,9,control,626,99,0.1581,1618.83,2.59
2024-01-08,9,treatment,620,94,0.1516,1709.09,2.76
2024-01-08,10,control,668,105,0.1572,1386.41,2.08
2024-01-08,10,treatment,647,94,0.1453,1424.65,2.2
2024-01-09,6,control,616,89,0.1445,2455.61,3.99
2024-01-09,6,treatment,629,91,0.1447,2443.55,3.88
2024-01-09,7,control,636,95,0.1494,2430.03,3.82
2024-01-09,7,treatment,645,84,0.1302,2526.23,3.92
2024-01-09,8,control,686,96,0.1399,1489.43,2.17
2024-01-09,8,treatment,666,94,0.1411,1281.21,1.92
2024-01-09,9,control,657,102,0.1553,2513.05,3.83
2024-01-09,9,treatment,645,100,0.155,1124.2,1.74
2024-01-09,10,control,601,96,0.1597,1386.13,2.31
2024-01-09,10,treatment,632,79,0.125,1163.86,1.84
2024-01-10,6,control,641,95,0.1482,2258.5,3.52
2024-01-10,6,treatment,698,115,0.1648,1494.08,2.14
2024-01-10,7,control,606,89,0.1469,1668.8,2.75
2024-01-10,7,treatment,644,83,0.1289,1278.78,1.99
2024-01-10,8,control,613,88,0.1436,2283.43,3.73
2024-01-10,8,treatment,686,100,0.1458,1076.36,1.57
2024-01-10,9,control,662,85,0.1284,1052.48,1.59
2024-01-10,9,treatment,624,111,0.1779,1177.86,1.89
2024-01-10,10,control,641,101,0.1576,2279.72,3.56
2024-01-10,10,treatment,653,88,0.1348,1856.29,2.84
2024-01-11,6,control,659,101,0.1533,1344.07,2.04
2024-01-11,6,treatment,604,85,0.1407,1596.47,2.64
2024-01-11,7,control,693,103,0.1486,1976.15,2.85
2024-01-11,7,treatment,654,85,0.13,1207.21,1.85
2024-01-11,8,control,657,90,0.137,1114.36,1.7
2024-01-11,8,treatment,689,96,0.1393,2691.66,3.91
2024-01-11,9,control,600,92,0.1533,1159.94,1.93
2024-01-11,9,treatment,600,99,0.165,1563.53,2.61
2024-01-11,10,control,688,108,0.157,2167.54,3.15
2024-01-11,10,treatment,600,78,0.13,2332.3,3.89
2024-01-12,6,control,621,92,0.1481,2064.89,3.33
2024-01-12,6,treatment,666,108,0.1622,1411.47,2.12
2024-01-12,7,control,656,103,0.157,1544.68,2.35
2024-01-12,7,treatment,691,86,0.1245,1115.97,1.62
2024-01-12,8,control,689,99,0.1437,2348.4,3.41
2024-01-12,8,treatment,684,109,0.1594,1835.64,2.68
2024-01-12,9,control,622,90,0.1447,1007.73,1.62
2024-01-12,9,treatment,668,93,0.1392,2482.76,3.72
2024-01-12,10,control,668,106,0.1587,2144.22,3.21
2024-01-12,10,treatment,615,83,0.135,1031.0,1.68
2024-01-13,6,control,631,90,0.1426,2429.71,3.85
2024-01-13,6,treatment,623,91,0.1461,1989.19,3.19
2024-01-13,7,control,660,96,0.1455,1890.27,2.86
2024-01-13,7,treatment,611,78,0.1277,1506.27,2.47
2024-01-13,8,control,680,99,0.1456,2134.73,3.14
2024-01-13,8,treatment,692,101,0.146,2499.63,3.61
2024-01-13,9,control,674,94,0.1395,2489.54,3.69
2024-01-13,9,treatment,635,95,0.1496,1615.99,2.54
2024-01-13,10,control,672,107,0.1592,1963.11,2.92
2024-01-13,10,treatment,698,93,0.1332,2775.43,3.98
2024-01-14,6,control,695,88,0.1266,1634.65,2.35
2024-01-14,6,treatment,661,89,0.1346,1919.98,2.9
2024-01-14,7,control,622,96,0.1543,2106.31,3.39
2024-01-14,7,treatment,629,77,0.1224,2362.76,3.76
2024-01-14,8,control,685,103,0.1504,1537.2,2.24
2024-01-14,8,treatment,618,92,0.1489,1528.32,2.47
2024-01-14,9,control,677,97,0.1433,2160.93,3.19
2024-01-14,9,treatment,651,96,0.1475,1909.77,2.93
2024-01-14,10,control,698,108,0.1547,2098.26,3.01
2024-01-14,10,treatment,651,92,0.1413,2071.02,3.18
2024-01-15,6,control,656,100,0.1524,1170.08,1.78
2024-01-15,6,treatment,652,100,0.1534,1783.91,2.74
2024-01-15,7,control,604,92,0.1523,2018.92,3.34
2024-01-15,7,treatment,692,86,0.1243,1645.08,2.38
2024-01-15,8,control,606,89,0.1469,1554.53,2.57
2024-01-15,8,treatment,639,100,0.1565,1074.74,1.68
2024-01-15,9,control,604,93,0.154,1681.12,2.78
2024-01-15,9,treatment,637,105,0.1648,2526.72,3.97
2024-01-15,10,control,616,94,0.1526,2382.76,3.87
2024-01-15,10,treatment,688,85,0.1235,2050.05,2.98
2024-01-16,6,control,618,97,0.157,2127.69,3.44
2024-01-16,6,treatment,653,89,0.1363,2130.55,3.26
2024-01-16,7,control,666,98,0.1471,1421.38,2.13
2024-01-16,7,treatment,691,84,0.1216,2023.72,2.93
2024-01-16,8,control,638,95,0.1489,2146.94,3.37
2024-01-16,8,treatment,676,103,0.1524,1415.39,2.09
2024-01-16,9,control,624,88,0.141,2291.01,3.67
2024-01-16,9,treatment,637,79,0.124,1650.36,2.59
2024-01-16,10,control,679,102,0.1502,1914.27,2.82
2024-01-16,10,treatment,674,90,0.1335,2559.71,3.8
2024-01-17,6,control,656,100,0.1524,1841.88,2.81
2024-01-17,6,treatment,648,88,0.1358,2099.11,3.24
2024-01-17,7,control,602,97,0.1611,2259.24,3.75
2024-01-17,7,treatment,656,81,0.1235,2485.02,3.79
2024-01-17,8,control,607,85,0.14,1167.99,1.92
2024-01-17,8,treatment,635,94,0.148,1688.62,2.66
2024-01-17,9,control,691,110,0.1592,1659.0,2.4
2024-01-17,9,treatment,699,93,0.133,2771.9,3.97
2024-01-17,10,control,632,102,0.1614,1597.71,2.53
2024-01-17,10,treatment,676,95,0.1405,2171.2,3.21
2024-01-18,6,control,665,101,0.1519,1135.07,1.71
2024-01-18,6,treatment,629,101,0.1606,2305.39,3.67
2024-01-18,7,control,695,109,0.1568,2754.43,3.96
2024-01-18,7,treatment,610,76,0.1246,1821.05,2.99
2024-01-18,8,control,626,91,0.1454,1829.61,2.92
2024-01-18,8,treatment,632,94,0.1487,1688.54,2.67
2024-01-18,9,control,654,84,0.1284,2394.82,3.66
2024-01-18,9,treatment,680,100,0.1471,1928.39,2.84
2024-01-18,10,control,622,100,0.1608,2128.78,3.42
2024-01-18,10,treatment,636,84,0.1321,2157.76,3.39
2024-01-19,6,control,672,88,0.131,1224.99,1.82
2024-01-19,6,treatment,650,91,0.14,1421.44,2.19
2024-01-19,7,control,631,96,0.1521,1020.48,1.62
2024-01-19,7,treatment,694,87,0.1254,1238.02,1.78
2024-01-19,8,control,602,88,0.1462,1685.85,2.8
2024-01-19,8,treatment,611,97,0.1588,2163.53,3.54
2024-01-19,9,control,646,98,0.1517,1648.17,2.55
2024-01-19,9,treatment,684,117,0.1711,2119.31,3.1
2024-01-19,10,control,649,104,0.1602,1930.64,2.97
2024-01-19,10,treatment,629,83,0.132,1815.95,2.89
2024-01-20,6,control,637,93,0.146,1673.57,2.63
2024-01-20,6,treatment,678,96,0.1416,1689.14,2.49
2024-01-20,7,control,604,94,0.1556,2108.67,3.49
2024-01-20,7,treatment,609,78,0.1281,2324.23,3.82
2024-01-20,8,control,687,93,0.1354,1109.27,1.61
2024-01-20,8,treatment,605,90,0.1488,1652.58,2.73
2024-01-20,9,control,674,108,0.1602,1138.83,1.69
2024-01-20,9,treatment,622,85,0.1367,1132.11,1.82
2024-01-20,10,control,655,101,0.1542,1656.6,2.53
2024-01-20,10,treatment,695,93,0.1338,1866.01,2.68
2024-01-21,6,control,650,87,0.1338,1041.41,1.6
2024-01-21,6,treatment,604,91,0.1507,1427.07,2.36
2024-01-21,7,control,669,100,0.1495,1205.26,1.8
2024-01-21,7,treatment,611,77,0.126,1231.67,2.02
2024-01-21,8,control,644,93,0.1444,1483.75,2.3
2024-01-21,8,treatment,625,86,0.1376,2186.58,3.5
2024-01-21,9,control,693,96,0.1385,1311.46,1.89
2024-01-21,9,treatment,647,101,0.1561,1069.29,1.65
2024-01-21,10,control,698,114,0.1633,1368.99,1.96
2024-01-21,10,treatment,678,87,0.1283,1926.52,2.84
2024-01-22,6,control,627,90,0.1435,1518.77,2.42
2024-01-22,6,treatment,687,101,0.147,2267.99,3.3
2024-01-22,7,control,622,95,0.1527,1728.66,2.78
2024-01-22,7,treatment,617,76,0.1232,1615.63,2.62
2024-01-22,8,control,688,94,0.1366,2300.34,3.34
2024-01-22,8,treatment,627,94,0.1499,971.96,1.55
2024-01-22,9,control,689,93,0.135,1955.62,2.84
2024-01-22,9,treatment,624,91,0.1458,2325.22,3.73
2024-01-22,10,control,666,112,0.1682,2079.29,3.12
2024-01-22,10,treatment,617,84,0.1361,1059.57,1.72
2024-01-23,6,control,607,102,0.168,1800.57,2.97
2024-01-23,6,treatment,682,107,0.1569,1668.81,2.45
2024-01-23,7,control,663,103,0.1554,1940.57,2.93
2024-01-23,7,treatment,655,82,0.1252,1798.38,2.75
2024-01-23,8,control,652,96,0.1472,1143.91,1.75
2024-01-23,8,treatment,669,99,0.148,1614.56,2.41
2024-01-23,9,control,661,107,0.1619,1462.62,2.21
2024-01-23,9,treatment,694,107,0.1542,1137.56,1.64
2024-01-23,10,control,678,111,0.1637,2401.94,3.54
2024-01-23,10,treatment,693,91,0.1313,1335.56,1.93
2024-01-24,6,control,678,101,0.149,1923.89,2.84
2024-01-24,6,treatment,625,93,0.1488,1374.97,2.2
2024-01-24,7,control,667,99,0.1484,1709.92,2.56
2024-01-24,7,treatment,696,91,0.1307,2325.07,3.34
2024-01-24,8,control,613,94,0.1533,1361.83,2.22
2024-01-24,8,treatment,636,96,0.1509,1758.71,2.77
2024-01-24,9,control,602,87,0.1445,980.99,1.63
2024-01-24,9,treatment,649,104,0.1602,1710.55,2.64
2024-01-24,10,control,601,102,0.1697,1385.84,2.31
2024-01-24,10,treatment,601,85,0.1414,1033.52,1.72
2024-01-25,6,control,637,91,0.1429,1611.36,2.53
2024-01-25,6,treatment,693,94,0.1356,1224.36,1.77
2024-01-25,7,control,649,100,0.1541,1175.17,1.81
2024-01-25,7,treatment,674,88,0.1306,2592.1,3.85
2024-01-25,8,control,663,97,0.1463,2289.86,3.45
2024-01-25,8,treatment,610,96,0.1574,2127.78,3.49
2024-01-25,9,control,684,97,0.1418,1344.75,1.97
2024-01-25,9,treatment,682,102,0.1496,2157.16,3.16
2024-01-25,10,control,641,95,0.1482,1590.39,2.48
2024-01-25,10,treatment,639,85,0.133,1680.49,2.63
2024-01-26,6,control,637,95,0.1491,1815.1,2.85
2024-01-26,6,treatment,662,99,0.1495,1825.0,2.76
2024-01-26,7,control,665,102,0.1534,1901.16,2.86
2024-01-26,7,treatment,650,82,0.1262,1857.13,2.86
2024-01-26,8,control,650,88,0.1354,1519.22,2.34
2024-01-26,8,treatment,663,96,0.1448,1270.86,1.92
2024-01-26,9,control,693,102,0.1472,2588.17,3.73
2024-01-26,9,treatment,635,106,0.1669,2536.34,3.99
2024-01-26,10,control,626,102,0.1629,2103.28,3.36
2024-01-26,10,treatment,667,91,0.1364,1950.79,2.92
2024-01-27,6,control,696,104,0.1494,1223.07,1.76
2024-01-27,6,treatment,612,92,0.1503,1087.27,1.78
2024-01-27,7,control,604,95,0.1573,1640.4,2.72
2024-01-27,7,treatment,667,83,0.1244,2204.86,3.31
2024-01-27,8,control,635,94,0.148,1814.08,2.86
2024-01-27,8,treatment,642,100,0.1558,1924.44,3.0
2024-01-27,9,control,622,83,0.1334,1651.42,2.66
2024-01-27,9,treatment,645,94,0.1457,1959.11,3.04
2024-01-27,10,control,659,104,0.1578,1965.41,2.98
2024-01-27,10,treatment,699,90,0.1288,2654.02,3.8
2024-01-28,6,control,630,98,0.1556,1900.58,3.02
2024-01-28,6,treatment,650,99,0.1523,2171.72,3.34
2024-01-28,7,control,620,91,0.1468,1186.56,1.91
2024-01-28,7,treatment,635,80,0.126,1150.4,1.81
2024-01-28,8,control,620,97,0.1565,1517.92,2.45
2024-01-28,8,treatment,652,99,0.1518,1524.37,2.34
2024-01-28,9,control,624,84,0.1346,2283.09,3.66
2024-01-28,9,treatment,637,86,0.135,1507.06,2.37
2024-01-28,10,control,616,102,0.1656,1828.09,2.97
2024-01-28,10,treatment,658,84,0.1277,1731.26,2.63
2024-01-29,6,control,670,95,0.1418,1282.23,1.91
2024-01-29,6,treatment,687,99,0.1441,1565.46,2.28
2024-01-29,7,control,625,92,0.1472,957.96,1.53
2024-01-29,7,treatment,684,90,0.1316,1906.95,2.79
2024-01-29,8,control,619,89,0.1438,1570.13,2.54
2024-01-29,8,treatment,691,105,0.152,1960.83,2.84
2024-01-29,9,control,695,98,0.141,1159.05,1.67
2024-01-29,9,treatment,686,98,0.1429,1760.94,2.57
2024-01-29,10,control,629,98,0.1558,1243.36,1.98
2024-01-29,10,treatment,644,88,0.1366,1574.14,2.44
2024-01-30,6,control,600,88,0.1467,2063.29,3.44
2024-01-30,6,treatment,646,102,0.1579,1821.15,2.82
2024-01-30,7,control,693,100,0.1443,2009.08,2.9
2024-01-30,7,treatment,662,93,0.1405,1163.43,1.76
2024-01-30,8,control,602,85,0.1412,1464.83,2.43
2024-01-30,8,treatment,673,100,0.1486,2519.43,3.74
2024-01-30,9,control,654,107,0.1636,1236.31,1.89
2024-01-30,9,treatment,649,101,0.1556,2380.2,3.67
2024-01-30,10,control,666,110,0.1652,1383.74,2.08
2024-01-30,10,treatment,658,79,0.1201,1818.56,2.76
2024-01-31,6,control,666,85,0.1276,2476.62,3.72
2024-01-31,6,treatment,691,108,0.1563,1447.96,2.1
2024-01-31,7,control,677,102,0.1507,2036.41,3.01
2024-01-31,7,treatment,645,81,0.1256,2306.23,3.58
2024-01-31,8,control,684,104,0.152,1720.93,2.52
2024-01-31,8,treatment,654,94,0.1437,2446.51,3.74
2024-01-31,9,control,659,100,0.1517,2148.25,3.26
2024-01-31,9,treatment,600,83,0.1383,2126.17,3.54
2024-01-31,10,control,601,92,0.1531,1447.0,2.41
2024-01-31,10,treatment,611,78,0.1277,2185.32,3.58
2024-02-01,6,control,608,95,0.1562,1574.91,2.59
2024-02-01,6,treatment,643,90,0.14,1317.36,2.05
2024-02-01,7,control,658,100,0.152,2458.54,3.74
2024-02-01,7,treatment,695,85,0.1223,1781.31,2.56
2024-02-01,8,control,672,104,0.1548,1242.12,1.85
2024-02-01,8,treatment,603,92,0.1526,1103.91,1.83
2024-02-01,9,control,636,96,0.1509,983.24,1.55
2024-02-01,9,treatment,617,100,0.1621,1742.5,2.82
2024-02-01,10,control,633,101,0.1596,1826.49,2.89
2024-02-01,10,treatment,624,86,0.1378,1712.05,2.74
2024-02-02,6,control,685,95,0.1387,1261.92,1.84
2024-02-02,6,treatment,656,98,0.1494,1421.06,2.17
2024-02-02,7,control,652,96,0.1472,1263.86,1.94
2024-02-02,7,treatment,644,85,0.132,2315.35,3.6
2024-02-02,8,control,645,98,0.1519,1043.23,1.62
2024-02-02,8,treatment,653,96,0.147,2184.34,3.35
2024-02-02,9,control,625,93,0.1488,1044.14,1.67
2024-02-02,9,treatment,610,89,0.1459,1355.26,2.22
2024-02-02,10,control,638,106,0.1661,1930.6,3.03
2024-02-02,10,treatment,653,83,0.1271,1756.65,2.69
2024-02-03,6,control,668,100,0.1497,1809.87,2.71
2024-02-03,6,treatment,635,94,0.148,1809.5,2.85
2024-02-03,7,control,680,104,0.1529,1863.82,2.74
2024-02-03,7,treatment,697,88,0.1263,2131.66,3.06
2024-02-03,8,control,639,85,0.133,2121.78,3.32
2024-02-03,8,treatment,688,101,0.1468,2244.47,3.26
2024-02-03,9,control,634,86,0.1356,2249.28,3.55
2024-02-03,9,treatment,643,117,0.182,2520.08,3.92
2024-02-03,10,control,648,106,0.1636,1193.65,1.84
2024-02-03,10,treatment,673,86,0.1278,2171.37,3.23
2024-02-04,6,control,679,92,0.1355,2500.33,3.68
2024-02-04,6,treatment,607,89,0.1466,1880.11,3.1
2024-02-04,7,control,679,105,0.1546,2460.01,3.62
2024-02-04,7,treatment,624,82,0.1314,2345.25,3.76
2024-02-04,8,control,625,94,0.1504,999.1,1.6
2024-02-04,8,treatment,609,94,0.1544,1809.13,2.97
2024-02-04,9,control,678,84,0.1239,2199.13,3.24
2024-02-04,9,treatment,608,92,0.1513,1204.75,1.98
2024-02-04,10,control,692,110,0.159,1858.39,2.69
2024-02-04,10,treatment,693,88,0.127,1134.58,1.64
2024-02-05,6,control,616,97,0.1575,1925.26,3.13
2024-02-05,6,treatment,623,74,0.1188,1292.74,2.08
2024-02-05,7,control,654,95,0.1453,1642.33,2.51
2024-02-05,7,treatment,638,85,0.1332,1459.89,2.29
2024-02-05,8,control,624,94,0.1506,2087.05,3.34
2024-02-05,8,treatment,632,95,0.1503,2347.84,3.71
2024-02-05,9,control,654,86,0.1315,1736.28,2.65
2024-02-05,9,treatment,633,102,0.1611,983.16,1.55
2024-02-05,10,control,631,101,0.1601,2417.66,3.83
2024-02-05,10,treatment,638,87,0.1364,972.13,1.52
2024-02-06,6,control,615,89,0.1447,2265.78,3.68
2024-02-06,6,treatment,609,86,0.1412,1053.11,1.73
2024-02-06,7,control,664,101,0.1521,1392.37,2.1
2024-02-06,7,treatment,602,70,0.1163,1606.3,2.67
2024-02-06,8,control,617,91,0.1475,1285.84,2.08
2024-02-06,8,treatment,624,92,0.1474,1368.53,2.19
2024-02-06,9,control,667,96,0.1439,1364.44,2.05
2024-02-06,9,treatment,636,91,0.1431,2204.29,3.47
2024-02-06,10,control,655,104,0.1588,2430.38,3.71
2024-02-06,10,treatment,687,87,0.1266,1833.26,2.67
2024-02-07,6,control,651,87,0.1336,1082.27,1.66
2024-02-07,6,treatment,671,101,0.1505,2587.93,3.86
2024-02-07,7,control,673,106,0.1575,1088.49,1.62
2024-02-07,7,treatment,656,89,0.1357,1345.6,2.05
2024-02-07,8,control,605,89,0.1471,2118.66,3.5
2024-02-07,8,treatment,653,95,0.1455,2561.56,3.92
2024-02-07,9,control,661,109,0.1649,2637.94,3.99
2024-02-07,9,treatment,602,89,0.1478,2130.83,3.54
2024-02-07,10,control,688,107,0.1555,2051.86,2.98
2024-02-07,10,treatment,613,78,0.1272,2237.64,3.65
2024-02-08,6,control,691,84,0.1216,1859.96,2.69
2024-02-08,6,treatment,666,92,0.1381,2590.16,3.89
2024-02-08,7,control,639,98,0.1534,2446.71,3.83
2024-02-08,7,treatment,610,79,0.1295,1047.65,1.72
2024-02-08,8,control,671,91,0.1356,2173.56,3.24
2024-02-08,8,treatment,647,92,0.1422,1772.58,2.74
2024-02-08,9,control,680,96,0.1412,1124.58,1.65
2024-02-08,9,treatment,644,101,0.1568,1739.74,2.7
2024-02-08,10,control,655,108,0.1649,2066.71,3.16
2024-02-08,10,treatment,639,85,0.133,1862.26,2.91
2024-02-09,6,control,618,93,0.1505,2268.31,3.67
2024-02-09,6,treatment,691,99,0.1433,2505.88,3.63
2024-02-09,7,control,644,99,0.1537,2088.93,3.24
2024-02-09,7,treatment,641,84,0.131,1131.1,1.76
2024-02-09,8,control,604,84,0.1391,2236.11,3.7
2024-02-09,8,treatment,657,100,0.1522,1750.03,2.66
2024-02-09,9,control,638,90,0.1411,1213.41,1.9
2024-02-09,9,treatment,699,113,0.1617,2020.43,2.89
2024-02-09,10,control,665,103,0.1549,1474.7,2.22
2024-02-09,10,treatment,645,87,0.1349,1493.87,2.32
2024-02-10,6,control,697,94,0.1349,2150.25,3.09
2024-02-10,6,treatment,687,102,0.1485,2436.58,3.55
2024-02-10,7,control,670,100,0.1493,1911.62,2.85
2024-02-10,7,treatment,695,86,0.1237,2502.21,3.6
2024-02-10,8,control,636,88,0.1384,1116.99,1.76
2024-02-10,8,treatment,667,98,0.1469,1290.23,1.93
2024-02-10,9,control,616,94,0.1526,1820.54,2.96
2024-02-10,9,treatment,664,98,0.1476,1092.15,1.64
2024-02-10,10,control,651,110,0.169,2210.57,3.4
2024-02-10,10,treatment,606,77,0.1271,1008.42,1.66
2024-02-11,6,control,631,88,0.1395,2161.82,3.43
2024-02-11,6,treatment,657,103,0.1568,987.19,1.5
2024-02-11,7,control,603,91,0.1509,1546.97,2.57
2024-02-11,7,treatment,612,74,0.1209,2224.94,3.64
2024-02-11,8,control,674,102,0.1513,1383.0,2.05
2024-02-11,8,treatment,601,90,0.1498,2062.67,3.43
2024-02-11,9,control,666,94,0.1411,2582.19,3.88
2024-02-11,9,treatment,655,98,0.1496,1690.45,2.58
2024-02-11,10,control,658,104,0.1581,2573.64,3.91
2024-02-11,10,treatment,618,83,0.1343,1350.66,2.19
2024-02-12,6,control,637,92,0.1444,1321.7,2.07
2024-02-12,6,treatment,660,98,0.1485,1320.59,2.0
2024-02-12,7,control,617,95,0.154,2258.77,3.66
2024-02-12,7,treatment,679,89,0.1311,1940.64,2.86
2024-02-12,8,control,692,98,0.1416,2381.51,3.44
2024-02-12,8,treatment,678,100,0.1475,1786.01,2.63
2024-02-12,9,control,692,99,0.1431,1265.05,1.83
2024-02-12,9,treatment,652,101,0.1549,2464.29,3.78
2024-02-12,10,control,683,114,0.1669,1759.25,2.58
2024-02-12,10,treatment,637,88,0.1381,1314.67,2.06
2024-02-13,6,control,601,89,0.1481,2099.83,3.49
2024-02-13,6,treatment,610,83,0.1361,2416.14,3.96
2024-02-13,7,control,693,104,0.1501,1719.5,2.48
2024-02-13,7,treatment,694,84,0.121,2293.48,3.3
2024-02-13,8,control,640,96,0.15,1023.39,1.6
2024-02-13,8,treatment,685,105,0.1533,2310.44,3.37
2024-02-13,9,control,653,94,0.144,1988.64,3.05
2024-02-13,9,treatment,619,96,0.1551,1463.96,2.37
2024-02-13,10,control,676,108,0.1598,1153.44,1.71
2024-02-13,10,treatment,676,86,0.1272,1146.8,1.7
2024-02-14,6,control,689,93,0.135,2221.1,3.22
2024-02-14,6,treatment,614,88,0.1433,1228.23,2.0
2024-02-14,7,control,605,96,0.1587,1807.1,2.99
2024-02-14,7,treatment,672,89,0.1324,1095.31,1.63
2024-02-14,8,control,607,93,0.1532,2348.1,3.87
2024-02-14,8,treatment,691,104,0.1505,2421.49,3.5
2024-02-14,9,control,606,97,0.1601,1910.14,3.15
2024-02-14,9,treatment,679,100,0.1473,1948.04,2.87
2024-02-14,10,control,602,95,0.1578,964.33,1.6
2024-02-14,10,treatment,659,91,0.1381,2193.79,3.33
2024-02-15,6,control,644,89,0.1382,1957.34,3.04
2024-02-15,6,treatment,618,87,0.1408,2434.71,3.94
2024-02-15,7,control,652,95,0.1457,2051.69,3.15
2024-02-15,7,treatment,650,81,0.1246,1237.72,1.9
2024-02-15,8,control,658,97,0.1474,2056.79,3.13
2024-02-15,8,treatment,673,94,0.1397,1687.99,2.51
2024-02-15,9,control,678,96,0.1416,1453.77,2.14
2024-02-15,9,treatment,675,93,0.1378,1306.45,1.94
2024-02-15,10,control,623,99,0.1589,1597.21,2.56
2024-02-15,10,treatment,603,81,0.1343,2013.04,3.34
2024-02-16,6,control,649,94,0.1448,2380.26,3.67
2024-02-16,6,treatment,695,113,0.1626,2064.25,2.97
2024-02-16,7,control,699,105,0.1502,2574.81,3.68
2024-02-16,7,treatment,633,79,0.1248,2204.35,3.48
2024-02-16,8,control,602,84,0.1395,1840.56,3.06
2024-02-16,8,treatment,639,91,0.1424,2294.01,3.59
2024-02-16,9,control,699,109,0.1559,2637.03,3.77
2024-02-16,9,treatment,686,100,0.1458,2113.81,3.08
2024-02-16,10,control,636,102,0.1604,2312.47,3.64
2024-02-16,10,treatment,640,77,0.1203,1355.57,2.12
2024-02-17,6,control,688,98,0.1424,2171.71,3.16
2024-02-17,6,treatment,669,105,0.157,2094.18,3.13
2024-02-17,7,control,634,93,0.1467,1991.93,3.14
2024-02-17,7,treatment,664,79,0.119,2279.97,3.43
2024-02-17,8,control,666,91,0.1366,1734.97,2.61
2024-02-17,8,treatment,679,100,0.1473,1900.82,2.8
2024-02-17,9,control,600,95,0.1583,1574.15,2.62
2024-02-17,9,treatment,607,90,0.1483,1847.02,3.04
2024-02-17,10,control,683,106,0.1552,1672.25,2.45
2024-02-17,10,treatment,636,85,0.1336,1521.2,2.39
2024-02-18,6,control,643,102,0.1586,1682.04,2.62
2024-02-18,6,treatment,678,100,0.1475,1963.05,2.9
2024-02-18,7,control,677,101,0.1492,1112.12,1.64
2024-02-18,7,treatment,636,81,0.1274,2443.2,3.84
2024-02-18,8,control,668,99,0.1482,1174.53,1.76
2024-02-18,8,treatment,650,97,0.1492,1042.56,1.6
2024-02-18,9,control,656,98,0.1494,1935.38,2.95
2024-02-18,9,treatment,655,105,0.1603,1826.79,2.79
2024-02-18,10,control,683,116,0.1698,1239.2,1.81
2024-02-18,10,treatment,644,84,0.1304,1197.1,1.86
2024-02-19,6,control,607,88,0.145,2382.34,3.92
2024-02-19,6,treatment,600,88,0.1467,1996.24,3.33
2024-02-19,7,control,685,102,0.1489,1464.71,2.14
2024-02-19,7,treatment,664,83,0.125,2387.27,3.6
2024-02-19,8,control,681,99,0.1454,2073.38,3.04
2024-02-19,8,treatment,607,92,0.1516,2222.54,3.66
2024-02-19,9,control,688,98,0.1424,2217.99,3.22
2024-02-19,9,treatment,632,100,0.1582,1896.96,3.0
2024-02-19,10,control,661,108,0.1634,2078.59,3.14
2024-02-19,10,treatment,663,93,0.1403,1074.41,1.62
2024-02-20,6,control,647,93,0.1437,2187.55,3.38
2024-02-20,6,treatment,676,101,0.1494,1501.88,2.22
2024-02-20,7,control,603,92,0.1526,1910.9,3.17
2024-02-20,7,treatment,669,83,0.1241,2511.05,3.75
2024-02-20,8,control,674,96,0.1424,1644.01,2.44
2024-02-20,8,treatment,653,100,0.1531,2039.11,3.12
2024-02-20,9,control,670,108,0.1612,1948.76,2.91
2024-02-20,9,treatment,618,84,0.1359,1527.32,2.47
2024-02-20,10,control,634,96,0.1514,1311.22,2.07
2024-02-20,10,treatment,689,89,0.1292,2044.71,2.97
2024-02-21,6,control,665,99,0.1489,1768.06,2.66
2024-02-21,6,treatment,602,82,0.1362,1719.26,2.86
2024-02-21,7,control,699,100,0.1431,2110.81,3.02
2024-02-21,7,treatment,647,83,0.1283,1859.18,2.87
2024-02-21,8,control,642,95,0.148,992.26,1.55
2024-02-21,8,treatment,622,96,0.1543,1602.99,2.58
2024-02-21,9,control,650,97,0.1492,1072.93,1.65
2024-02-21,9,treatment,620,98,0.1581,1672.73,2.7
2024-02-21,10,control,667,105,0.1574,1428.67,2.14
2024-02-21,10,treatment,651,84,0.129,2067.08,3.18
2024-02-22,6,control,607,88,0.145,1382.91,2.28
2024-02-22,6,treatment,635,98,0.1543,2091.75,3.29
2024-02-22,7,control,689,105,0.1524,1243.45,1.8
2024-02-22,7,treatment,674,86,0.1276,1218.63,1.81
2024-02-22,8,control,630,92,0.146,2061.75,3.27
2024-02-22,8,treatment,655,99,0.1511,2281.7,3.48
2024-02-22,9,control,653,90,0.1378,1877.74,2.88
2024-02-22,9,treatment,644,98,0.1522,1985.37,3.08
2024-02-22,10,control,620,99,0.1597,2300.52,3.71
2024-02-22,10,treatment,608,81,0.1332,2118.49,3.48
2024-02-23,6,control,641,86,0.1342,2403.79,3.75
2024-02-23,6,treatment,679,103,0.1517,1963.39,2.89
2024-02-23,7,control,623,92,0.1477,2215.72,3.56
2024-02-23,7,treatment,659,80,0.1214,2094.67,3.18
2024-02-23,8,control,673,99,0.1471,1769.6,2.63
2024-02-23,8,treatment,668,102,0.1527,1282.58,1.92
2024-02-23,9,control,620,96,0.1548,1078.36,1.74
2024-02-23,9,treatment,647,103,0.1592,1475.6,2.28
2024-02-23,10,control,610,95,0.1557,1268.72,2.08
2024-02-23,10,treatment,677,87,0.1285,2085.19,3.08
2024-02-24,6,control,617,93,0.1507,1549.16,2.51
2024-02-24,6,treatment,638,83,0.1301,2112.6,3.31
2024-02-24,7,control,641,98,0.1529,2412.6,3.76
2024-02-24,7,treatment,635,85,0.1339,1088.48,1.71
2024-02-24,8,control,640,89,0.1391,1947.45,3.04
2024-02-24,8,treatment,612,89,0.1454,1712.16,2.8
2024-02-24,9,control,671,101,0.1505,2098.35,3.13
2024-02-24,9,treatment,643,87,0.1353,1485.87,2.31
2024-02-24,10,control,686,113,0.1647,1678.09,2.45
2024-02-24,10,treatment,680,85,0.125,2712.32,3.99
2024-02-25,6,control,621,77,0.124,1804.47,2.91
2024-02-25,6,treatment,635,89,0.1402,2479.14,3.9
2024-02-25,7,control,654,103,0.1575,1857.08,2.84
2024-02-25,7,treatment,661,86,0.1301,1689.99,2.56
2024-02-25,8,control,622,82,0.1318,1553.94,2.5
2024-02-25,8,treatment,604,89,0.1474,2019.14,3.34
2024-02-25,9,control,629,87,0.1383,1762.71,2.8
2024-02-25,9,treatment,669,110,0.1644,1433.41,2.14
2024-02-25,10,control,615,99,0.161,1701.76,2.77
2024-02-25,10,treatment,697,93,0.1334,1155.47,1.66
2024-02-26,6,control,665,94,0.1414,1630.76,2.45
2024-02-26,6,treatment,601,85,0.1414,2309.28,3.84
2024-02-26,7,control,651,92,0.1413,1431.72,2.2
2024-02-26,7,treatment,625,81,0.1296,1875.93,3.0
2024-02-26,8,control,642,95,0.148,1885.21,2.94
2024-02-26,8,treatment,659,98,0.1487,2391.22,3.63
2024-02-26,9,control,634,94,0.1483,2019.77,3.19
2024-02-26,9,treatment,629,96,0.1526,2077.94,3.3
2024-02-26,10,control,613,96,0.1566,1043.51,1.7
2024-02-26,10,treatment,620,80,0.129,965.49,1.56
2024-02-27,6,control,677,95,0.1403,2666.72,3.94
2024-02-27,6,treatment,609,86,0.1412,2165.73,3.56
2024-02-27,7,control,679,103,0.1517,2316.76,3.41
2024-02-27,7,treatment,651,85,0.1306,1794.43,2.76
2024-02-27,8,control,697,97,0.1392,1164.29,1.67
2024-02-27,8,treatment,697,103,0.1478,1927.39,2.77
2024-02-27,9,control,611,89,0.1457,2391.79,3.91
2024-02-27,9,treatment,695,107,0.154,2075.08,2.99
2024-02-27,10,control,631,103,0.1632,1287.3,2.04
2024-02-27,10,treatment,601,77,0.1281,1878.43,3.13
2024-02-28,6,control,601,85,0.1414,1629.61,2.71
2024-02-28,6,treatment,649,105,0.1618,1067.25,1.64
2024-02-28,7,control,672,100,0.1488,2322.93,3.46
2024-02-28,7,treatment,606,76,0.1254,1957.62,3.23
2024-02-28,8,control,639,92,0.144,2258.82,3.53
2024-02-28,8,treatment,651,95,0.1459,1259.28,1.93
2024-02-28,9,control,649,103,0.1587,1185.58,1.83
2024-02-28,9,treatment,662,105,0.1586,1737.39,2.62
2024-02-28,10,control,691,108,0.1563,1868.52,2.7
2024-02-28,10,treatment,670,84,0.1254,2233.8,3.33
2024-02-29,6,control,678,94,0.1386,2003.74,2.96
2024-02-29,6,treatment,686,83,0.121,1264.14,1.84
2024-02-29,7,control,684,98,0.1433,2452.66,3.59
2024-02-29,7,treatment,684,88,0.1287,1366.04,2.0
2024-02-29,8,control,610,84,0.1377,1607.93,2.64
2024-02-29,8,treatment,651,95,0.1459,1409.45,2.17
2024-02-29,9,control,681,97,0.1424,1831.92,2.69
2024-02-29,9,treatment,692,111,0.1604,1720.44,2.49
2024-02-29,10,control,612,102,0.1667,1121.71,1.83
2024-02-29,10,treatment,663,86,0.1297,2298.79,3.47
2024-03-01,6,control,659,103,0.1563,1114.4,1.69
2024-03-01,6,treatment,696,94,0.1351,2507.12,3.6
2024-03-01,7,control,633,103,0.1627,1560.9,2.47
2024-03-01,7,treatment,685,85,0.1241,2117.8,3.09
2024-03-01,8,control,687,97,0.1412,2546.12,3.71
2024-03-01,8,treatment,668,100,0.1497,2233.51,3.34
2024-03-01,9,control,676,116,0.1716,1078.26,1.6
2024-03-01,9,treatment,686,107,0.156,2257.49,3.29
2024-03-01,10,control,699,109,0.1559,1659.61,2.37
2024-03-01,10,treatment,614,85,0.1384,2367.45,3.86
2024-03-02,6,control,657,91,0.1385,1147.11,1.75
2024-03-02,6,treatment,693,110,0.1587,2478.4,3.58
2024-03-02,7,control,695,105,0.1511,1936.72,2.79
2024-03-02,7,treatment,680,84,0.1235,1522.26,2.24
2024-03-02,8,control,665,98,0.1474,2106.97,3.17
2024-03-02,8,treatment,666,104,0.1562,1201.11,1.8
2024-03-02,9,control,640,104,0.1625,2495.72,3.9
2024-03-02,9,treatment,661,106,0.1604,2471.83,3.74
2024-03-02,10,control,690,107,0.1551,2725.45,3.95
2024-03-02,10,treatment,612,79,0.1291,1809.11,2.96
2024-03-03,6,control,697,106,0.1521,1268.71,1.82
2024-03-03,6,treatment,614,93,0.1515,1091.09,1.78
2024-03-03,7,control,658,97,0.1474,1891.9,2.88
2024-03-03,7,treatment,688,88,0.1279,1313.54,1.91
2024-03-03,8,control,643,94,0.1462,1281.93,1.99
2024-03-03,8,treatment,645,96,0.1488,988.0,1.53
2024-03-03,9,control,611,95,0.1555,2320.16,3.8
2024-03-03,9,treatment,617,92,0.1491,1906.64,3.09
2024-03-03,10,control,622,100,0.1608,1953.33,3.14
2024-03-03,10,treatment,674,94,0.1395,1550.3,2.3
2024-03-04,6,control,691,94,0.136,1111.08,1.61
2024-03-04,6,treatment,681,106,0.1557,1205.27,1.77
2024-03-04,7,control,649,96,0.1479,1319.92,2.03
2024-03-04,7,treatment,622,80,0.1286,2240.29,3.6
2024-03-04,8,control,660,96,0.1455,2216.65,3.36
2024-03-04,8,treatment,602,95,0.1578,1350.81,2.24
2024-03-04,9,control,638,108,0.1693,1877.59,2.94
2024-03-04,9,treatment,624,101,0.1619,2123.35,3.4
2024-03-04,10,control,615,97,0.1577,2170.57,3.53
2024-03-04,10,treatment,604,76,0.1258,2236.99,3.7
2024-03-05,6,control,663,90,0.1357,2320.62,3.5
2024-03-05,6,treatment,688,96,0.1395,1986.75,2.89
2024-03-05,7,control,626,97,0.155,2015.54,3.22
2024-03-05,7,treatment,612,82,0.134,1742.2,2.85
2024-03-05,8,control,657,99,0.1507,1043.5,1.59
2024-03-05,8,treatment,680,102,0.15,1038.75,1.53
2024-03-05,9,control,619,97,0.1567,1434.43,2.32
2024-03-05,9,treatment,694,114,0.1643,1571.22,2.26
2024-03-05,10,control,619,96,0.1551,2136.17,3.45
2024-03-05,10,treatment,698,84,0.1203,1287.5,1.84
2024-03-06,6,control,644,90,0.1398,1115.71,1.73
2024-03-06,6,treatment,670,95,0.1418,1810.63,2.7
2024-03-06,7,control,679,101,0.1487,1401.18,2.06
2024-03-06,7,treatment,603,77,0.1277,984.1,1.63
2024-03-06,8,control,618,97,0.157,1343.87,2.17
2024-03-06,8,treatment,659,97,0.1472,1519.17,2.31
2024-03-06,9,control,623,84,0.1348,1455.08,2.34
2024-03-06,9,treatment,629,100,0.159,2487.65,3.95
2024-03-06,10,control,618,100,0.1618,1607.11,2.6
2024-03-06,10,treatment,699,90,0.1288,1262.35,1.81
2024-03-07,6,control,662,90,0.136,1358.11,2.05
2024-03-07,6,treatment,691,106,0.1534,2307.36,3.34
2024-03-07,7,control,603,88,0.1459,1652.47,2.74
2024-03-07,7,treatment,646,88,0.1362,1160.11,1.8
2024-03-07,8,control,674,101,0.1499,2257.88,3.35
2024-03-07,8,treatment,689,102,0.148,2045.93,2.97
2024-03-07,9,control,649,92,0.1418,1241.69,1.91
2024-03-07,9,treatment,693,98,0.1414,2480.42,3.58
2024-03-07,10,control,650,104,0.16,2503.6,3.85
2024-03-07,10,treatment,641,78,0.1217,2328.0,3.63
2024-03-08,6,control,663,92,0.1388,1302.96,1.97
2024-03-08,6,treatment,648,86,0.1327,1676.99,2.59
2024-03-08,7,control,689,105,0.1524,1172.34,1.7
2024-03-08,7,treatment,638,82,0.1285,1748.86,2.74
2024-03-08,8,control,669,102,0.1525,1099.3,1.64
2024-03-08,8,treatment,645,95,0.1473,1951.49,3.03
2024-03-08,9,control,623,95,0.1525,1669.73,2.68
2024-03-08,9,treatment,684,101,0.1477,1143.92,1.67
2024-03-08,10,control,691,110,0.1592,1512.81,2.19
2024-03-08,10,treatment,654,85,0.13,2462.73,3.77
2024-03-09,6,control,653,89,0.1363,1679.66,2.57
2024-03-09,6,treatment,688,94,0.1366,2367.94,3.44
2024-03-09,7,control,655,99,0.1511,1058.64,1.62
2024-03-09,7,treatment,681,84,0.1233,2564.71,3.77
2024-03-09,8,control,632,91,0.144,2167.54,3.43
2024-03-09,8,treatment,669,96,0.1435,2508.47,3.75
2024-03-09,9,control,670,99,0.1478,1664.03,2.48
2024-03-09,9,treatment,625,100,0.16,1591.86,2.55
2024-03-09,10,control,657,108,0.1644,2594.41,3.95
2024-03-09,10,treatment,668,85,0.1272,2094.47,3.14
2024-03-10,6,control,618,91,0.1472,1403.94,2.27
2024-03-10,6,treatment,684,91,0.133,2066.58,3.02
2024-03-10,7,control,649,96,0.1479,2141.71,3.3
2024-03-10,7,treatment,670,84,0.1254,2150.29,3.21
2024-03-10,8,control,660,96,0.1455,2409.23,3.65
2024-03-10,8,treatment,657,98,0.1492,1876.63,2.86
2024-03-10,9,control,697,105,0.1506,1187.91,1.7
2024-03-10,9,treatment,669,115,0.1719,2419.97,3.62
2024-03-10,10,control,621,95,0.153,2251.09,3.62
2024-03-10,10,treatment,665,87,0.1308,1159.7,1.74
2024-03-11,6,control,638,91,0.1426,1826.96,2.86
2024-03-11,6,treatment,687,108,0.1572,2382.12,3.47
2024-03-11,7,control,698,105,0.1504,1137.66,1.63
2024-03-11,7,treatment,662,82,0.1239,1815.96,2.74
2024-03-11,8,control,625,93,0.1488,1453.46,2.33
2024-03-11,8,treatment,685,101,0.1474,1058.23,1.54
2024-03-11,9,control,691,105,0.152,1477.86,2.14
2024-03-11,9,treatment,639,92,0.144,2532.02,3.96
2024-03-11,10,control,671,107,0.1595,1480.28,2.21
2024-03-11,10,treatment,641,82,0.1279,1759.24,2.74
2024-03-12,6,control,688,101,0.1468,1715.5,2.49
2024-03-12,6,treatment,642,89,0.1386,2207.86,3.44
2024-03-12,7,control,691,98,0.1418,2345.05,3.39
2024-03-12,7,treatment,684,88,0.1287,1560.12,2.28
2024-03-12,8,control,681,94,0.138,1290.42,1.89
2024-03-12,8,treatment,683,104,0.1523,1976.98,2.89
2024-03-12,9,control,602,91,0.1512,2253.27,3.74
2024-03-12,9,treatment,639,90,0.1408,1768.51,2.77
2024-03-12,10,control,607,95,0.1565,2267.13,3.73
2024-03-12,10,treatment,647,85,0.1314,1216.53,1.88
2024-03-13,6,control,618,102,0.165,2290.33,3.71
2024-03-13,6,treatment,611,83,0.1358,2046.44,3.35
2024-03-13,7,control,629,92,0.1463,1941.52,3.09
2024-03-13,7,treatment,603,77,0.1277,2407.6,3.99
2024-03-13,8,control,602,88,0.1462,1696.74,2.82
2024-03-13,8,treatment,624,91,0.1458,2219.82,3.56
2024-03-13,9,control,698,98,0.1404,1374.03,1.97
2024-03-13,9,treatment,692,96,0.1387,1550.93,2.24
2024-03-13,10,control,672,108,0.1607,1609.1,2.39
2024-03-13,10,treatment,697,94,0.1349,2473.05,3.55
2024-03-14,6,control,620,90,0.1452,1105.06,1.78
2024-03-14,6,treatment,689,108,0.1567,1206.85,1.75
2024-03-14,7,control,640,95,0.1484,2143.47,3.35
2024-03-14,7,treatment,681,85,0.1248,2296.38,3.37
2024-03-14,8,control,621,93,0.1498,2077.35,3.35
2024-03-14,8,treatment,610,96,0.1574,2201.7,3.61
2024-03-14,9,control,698,99,0.1418,2244.64,3.22
2024-03-14,9,treatment,627,99,0.1579,2009.02,3.2
2024-03-14,10,control,600,97,0.1617,2155.56,3.59
2024-03-14,10,treatment,686,87,0.1268,1161.19,1.69
2024-03-15,6,control,646,99,0.1533,1462.08,2.26
2024-03-15,6,treatment,662,94,0.142,1106.38,1.67
2024-03-15,7,control,613,91,0.1485,2304.28,3.76
2024-03-15,7,treatment,616,83,0.1347,2103.74,3.42
2024-03-15,8,control,681,100,0.1468,2129.43,3.13
2024-03-15,8,treatment,605,94,0.1554,1921.98,3.18
2024-03-15,9,control,645,87,0.1349,1709.83,2.65
2024-03-15,9,treatment,699,109,0.1559,1715.37,2.45
2024-03-15,10,control,677,107,0.1581,1826.33,2.7
2024-03-15,10,treatment,624,79,0.1266,1593.45,2.55
2024-03-16,6,control,650,96,0.1477,2317.31,3.57
2024-03-16,6,treatment,618,86,0.1392,2170.58,3.51
2024-03-16,7,control,618,91,0.1472,2275.4,3.68
2024-03-16,7,treatment,613,81,0.1321,1254.26,2.05
2024-03-16,8,control,613,83,0.1354,1836.48,3.0
2024-03-16,8,treatment,698,106,0.1519,1441.98,2.07
2024-03-16,9,control,667,103,0.1544,2463.3,3.69
2024-03-16,9,treatment,601,104,0.173,1904.88,3.17
2024-03-16,10,control,654,107,0.1636,1849.7,2.83
2024-03-16,10,treatment,661,87,0.1316,2304.54,3.49
2024-03-17,6,control,663,96,0.1448,2302.53,3.47
2024-03-17,6,treatment,684,97,0.1418,1917.67,2.8
2024-03-17,7,control,672,99,0.1473,2536.17,3.77
2024-03-17,7,treatment,667,86,0.1289,2448.81,3.67
2024-03-17,8,control,618,86,0.1392,2305.95,3.73
2024-03-17,8,treatment,692,103,0.1488,1333.11,1.93
2024-03-17,9,control,628,92,0.1465,1946.18,3.1
2024-03-17,9,treatment,654,106,0.1621,1818.71,2.78
2024-03-17,10,control,644,102,0.1584,2528.93,3.93
2024-03-17,10,treatment,665,84,0.1263,1448.98,2.18
2024-03-18,6,control,671,99,0.1475,2070.21,3.09
2024-03-18,6,treatment,605,88,0.1455,2255.86,3.73
2024-03-18,7,control,682,106,0.1554,1494.97,2.19
2024-03-18,7,treatment,664,85,0.128,1743.77,2.63
2024-03-18,8,control,613,95,0.155,1855.52,3.03
2024-03-18,8,treatment,683,100,0.1464,1377.94,2.02
2024-03-18,9,control,645,93,0.1442,1047.31,1.62
2024-03-18,9,treatment,607,94,0.1549,966.22,1.59
2024-03-18,10,control,684,108,0.1579,1775.9,2.6
2024-03-18,10,treatment,663,85,0.1282,1844.25,2.78
2024-03-19,6,control,608,90,0.148,2153.36,3.54
2024-03-19,6,treatment,648,94,0.1451,1971.65,3.04
2024-03-19,7,control,638,95,0.1489,1873.77,2.94
2024-03-19,7,treatment,638,79,0.1238,1744.21,2.73
2024-03-19,8,control,600,85,0.1417,1484.81,2.47
2024-03-19,8,treatment,618,90,0.1456,1562.03,2.53
2024-03-19,9,control,611,92,0.1506,1946.96,3.19
2024-03-19,9,treatment,632,101,0.1598,2249.59,3.56
2024-03-19,10,control,681,109,0.1601,1458.52,2.14
2024-03-19,10,treatment,667,85,0.1274,1640.55,2.46
2024-03-20,6,control,618,76,0.123,1848.32,2.99
2024-03-20,6,treatment,639,89,0.1393,2158.51,3.38
2024-03-20,7,control,662,102,0.1541,2062.29,3.12
2024-03-20,7,treatment,673,85,0.1263,1618.43,2.4
2024-03-20,8,control,681,98,0.1439,1257.93,1.85
2024-03-20,8,treatment,672,100,0.1488,2037.12,3.03
2024-03-20,9,control,626,95,0.1518,2098.64,3.35
2024-03-20,9,treatment,692,112,0.1618,1152.95,1.67
2024-03-20,10,control,680,104,0.1529,2201.3,3.24
2024-03-20,10,treatment,611,80,0.1309,1367.17,2.24
2024-03-21,6,control,689,118,0.1713,2601.21,3.78
2024-03-21,6,treatment,661,93,0.1407,1914.66,2.9
2024-03-21,7,control,637,100,0.157,2302.12,3.61
2024-03-21,7,treatment,653,80,0.1225,2370.13,3.63
2024-03-21,8,control,672,94,0.1399,1522.61,2.27
2024-03-21,8,treatment,629,93,0.1479,1645.49,2.62
2024-03-21,9,control,627,96,0.1531,1848.5,2.95
2024-03-21,9,treatment,640,102,0.1594,1649.58,2.58
2024-03-21,10,control,656,107,0.1631,1028.97,1.57
2024-03-21,10,treatment,632,77,0.1218,1778.78,2.81
2024-03-22,6,control,606,80,0.132,1125.03,1.86
2024-03-22,6,treatment,655,96,0.1466,2230.12,3.4
2024-03-22,7,control,673,101,0.1501,2096.1,3.11
2024-03-22,7,treatment,691,89,0.1288,1048.09,1.52
2024-03-22,8,control,610,92,0.1508,1389.61,2.28
2024-03-22,8,treatment,637,93,0.146,2304.57,3.62
2024-03-22,9,control,655,106,0.1618,2600.41,3.97
2024-03-22,9,treatment,664,103,0.1551,1170.73,1.76
2024-03-22,10,control,625,96,0.1536,998.43,1.6
2024-03-22,10,treatment,663,87,0.1312,1680.95,2.54
2024-03-23,6,control,614,79,0.1287,1669.85,2.72
2024-03-23,6,treatment,641,88,0.1373,2403.88,3.75
2024-03-23,7,control,667,103,0.1544,2659.43,3.99
2024-03-23,7,treatment,672,84,0.125,2661.14,3.96
2024-03-23,8,control,621,85,0.1369,1772.04,2.85
2024-03-23,8,treatment,636,90,0.1415,1713.83,2.69
2024-03-23,9,control,652,86,0.1319,2336.85,3.58
2024-03-23,9,treatment,650,101,0.1554,1553.8,2.39
2024-03-23,10,control,684,111,0.1623,1611.59,2.36
2024-03-23,10,treatment,620,84,0.1355,2427.95,3.92
2024-03-24,6,control,691,86,0.1245,2043.61,2.96
2024-03-24,6,treatment,698,107,0.1533,1309.66,1.88
2024-03-24,7,control,616,92,0.1494,2055.25,3.34
2024-03-24,7,treatment,681,89,0.1307,2082.85,3.06
2024-03-24,8,control,636,98,0.1541,2116.0,3.33
2024-03-24,8,treatment,607,94,0.1549,970.38,1.6
2024-03-24,9,control,618,111,0.1796,1131.52,1.83
2024-03-24,9,treatment,690,94,0.1362,2603.81,3.77
2024-03-24,10,control,611,98,0.1604,974.52,1.59
2024-03-24,10,treatment,610,85,0.1393,1752.72,2.87
2024-03-25,6,control,640,93,0.1453,2363.34,3.69
2024-03-25,6,treatment,611,87,0.1424,2397.58,3.92
2024-03-25,7,control,651,99,0.1521,2381.92,3.66
2024-03-25,7,treatment,654,85,0.13,1594.66,2.44
2024-03-25,8,control,687,96,0.1397,1788.3,2.6
2024-03-25,8,treatment,626,91,0.1454,1739.15,2.78
2024-03-25,9,control,650,117,0.18,2428.49,3.74
2024-03-25,9,treatment,690,104,0.1507,1738.08,2.52
2024-03-25,10,control,603,98,0.1625,2120.43,3.52
2024-03-25,10,treatment,634,85,0.1341,1268.75,2.0
2024-03-26,6,control,695,108,0.1554,1460.16,2.1
2024-03-26,6,treatment,662,95,0.1435,2455.13,3.71
2024-03-26,7,control,660,102,0.1545,2518.53,3.82
2024-03-26,7,treatment,679,76,0.1119,2313.01,3.41
2024-03-26,8,control,663,96,0.1448,1490.75,2.25
2024-03-26,8,treatment,679,105,0.1546,2410.11,3.55
2024-03-26,9,control,629,102,0.1622,2449.09,3.89
2024-03-26,9,treatment,646,93,0.144,2568.73,3.98
2024-03-26,10,control,636,101,0.1588,2131.36,3.35
2024-03-26,10,treatment,636,82,0.1289,963.01,1.51
2024-03-27,6,control,634,93,0.1467,1923.56,3.03
2024-03-27,6,treatment,622,92,0.1479,1691.26,2.72
2024-03-27,7,control,629,95,0.151,982.02,1.56
2024-03-27,7,treatment,674,83,0.1231,1598.76,2.37
2024-03-27,8,control,644,93,0.1444,2089.39,3.24
2024-03-27,8,treatment,644,96,0.1491,2503.74,3.89
2024-03-27,9,control,639,80,0.1252,1138.91,1.78
2024-03-27,9,treatment,633,99,0.1564,2206.82,3.49
2024-03-27,10,control,665,105,0.1579,2178.06,3.28
2024-03-27,10,treatment,655,86,0.1313,1466.04,2.24
2024-03-28,6,control,607,83,0.1367,1354.39,2.23
2024-03-28,6,treatment,654,89,0.1361,2462.49,3.77
2024-03-28,7,control,664,100,0.1506,1907.31,2.87
2024-03-28,7,treatment,629,74,0.1176,2482.95,3.95
2024-03-28,8,control,656,89,0.1357,2229.76,3.4
2024-03-28,8,treatment,630,98,0.1556,2344.64,3.72
2024-03-28,9,control,609,68,0.1117,2164.13,3.55
2024-03-28,9,treatment,653,102,0.1562,1096.67,1.68
2024-03-28,10,control,627,96,0.1531,1308.32,2.09
2024-03-28,10,treatment,652,88,0.135,2288.45,3.51
2024-03-29,6,control,676,105,0.1553,2563.38,3.79
2024-03-29,6,treatment,607,105,0.173,1322.36,2.18
2024-03-29,7,control,681,97,0.1424,2423.98,3.56
2024-03-29,7,treatment,674,86,0.1276,1468.56,2.18
2024-03-29,8,control,692,97,0.1402,1119.05,1.62
2024-03-29,8,treatment,695,103,0.1482,2073.68,2.98
2024-03-29,9,control,607,91,0.1499,916.3,1.51
2024-03-29,9,treatment,668,110,0.1647,2572.55,3.85
2024-03-29,10,control,608,96,0.1579,2192.92,3.61
2024-03-29,10,treatment,643,85,0.1322,1883.68,2.93
2024-03-30,6,control,655,82,0.1252,2561.18,3.91
2024-03-30,6,treatment,636,85,0.1336,1138.48,1.79
2024-03-30,7,control,659,100,0.1517,2030.89,3.08
2024-03-30,7,treatment,654,81,0.1239,988.13,1.51
2024-03-30,8,control,612,90,0.1471,1197.7,1.96
2024-03-30,8,treatment,623,90,0.1445,2119.82,3.4
2024-03-30,9,control,693,103,0.1486,1505.49,2.17
2024-03-30,9,treatment,683,107,0.1567,2359.46,3.45
2024-03-30,10,control,647,102,0.1577,1593.43,2.46
2024-03-30,10,treatment,640,84,0.1313,1721.55,2.69
2024-03-31,6,control,698,103,0.1476,1692.32,2.42
2024-03-31,6,treatment,670,92,0.1373,2290.68,3.42
2024-03-31,7,control,630,99,0.1571,2078.45,3.3
2024-03-31,7,treatment,608,76,0.125,1911.18,3.14
2024-03-31,8,control,696,104,0.1494,2429.46,3.49
2024-03-31,8,treatment,686,102,0.1487,2071.29,3.02
2024-03-31,9,control,606,84,0.1386,1099.47,1.81
2024-03-31,9,treatment,602,90,0.1495,1378.02,2.29
2024-03-31,10,control,653,100,0.1531,1304.72,2.0
2024-03-31,10,treatment,699,98,0.1402,1197.63,1.71
